t_s,i,adc
0.0007015999999997469,0,792
0.0008116000000000234,1,710
0.0009193999999999036,2,645
0.0010315999999996883,3,593
0.0011395999999996853,4,550
0.0012470999999996124,5,517
0.001353399999999727,6,490
0.0014596999999998417,7,469
0.0015654999999998864,8,453
0.0016716999999997206,9,439
0.0017891999999997132,10,428
0.0019071999999997757,11,421
0.002177699999999838,12,413
0.0031714999999996607,13,406
0.004163399999999928,14,404
0.005150099999999824,15,398
0.0061670000000000336,16,397
0.007153799999999766,17,394
0.008126399999999645,18,391
0.009138499999999716,19,390
0.010141999999999651,20,390
0.011135599999999801,21,388
0.012187500000000018,22,390
0.013115899999999847,23,389
0.014129399999999848,24,388
0.015110500000000027,25,387
0.01611539999999989,26,386
0.017112099999999852,27,386
0.018099899999999725,28,386
0.019097599999999826,29,386
0.02007929999999991,30,384
0.021077699999999755,31,385
0.02207429999999988,32,384
0.02220679999999975,33,386
0.023183399999999743,34,385
0.02416029999999969,35,384
0.025261899999999837,36,386
0.02620549999999966,37,384
0.027199799999999996,38,385
0.028194999999999748,39,386
0.029184399999999666,40,384
0.03018239999999972,41,386
0.031170799999999943,42,384
0.03220009999999984,43,385
0.03316489999999961,44,386
0.03415549999999978,45,384
0.0351505999999997,46,384
0.036149899999999846,47,385
0.03713719999999965,48,386
0.03822759999999992,49,387
0.039165899999999976,50,386
0.04010839999999982,51,386
0.04112720000000003,52,385
0.04212039999999995,53,384
0.043112899999999676,54,386
0.044130199999999675,55,386
0.04511019999999988,56,385
0.046106499999999606,57,385
0.047087199999999996,58,384
0.04811539999999992,59,384
0.049104499999999884,60,386
0.0500780999999999,61,387
0.051069699999999774,62,385
0.05120239999999976,63,386
0.052230499999999846,64,386
0.05320069999999966,65,386
0.05419419999999997,66,386
0.055183699999999725,67,386
0.05615919999999974,68,385
0.057199199999999895,69,385
0.058182500000000026,70,386
0.05917389999999978,71,388
0.06017579999999967,72,386
0.061164999999999914,73,385
0.062167199999999756,74,385
0.06325899999999995,75,385
0.0641727999999997,76,386
0.0652332999999996,77,386
0.06615789999999988,78,385
0.06713959999999997,79,386
0.06813979999999997,80,388
0.0691278999999998,81,386
0.07014109999999985,82,385
0.07112249999999998,83,385
0.07209390000000004,84,386
0.07312699999999994,85,385
0.0741117,86,386
0.07511029999999996,87,385
0.0761023999999999,88,384
0.07709969999999977,89,384
0.07814359999999976,90,384
0.07909379999999988,91,384
0.08008909999999991,92,387
0.08108380000000004,93,384
0.0812172999999996,94,386
0.08219500000000002,95,387
0.08318409999999998,96,387
0.08418609999999971,97,384
0.08518179999999997,98,384
0.08619929999999965,99,386
0.0872039,100,385
0.08818210000000004,101,384
0.08919379999999988,102,384
0.09108519999999976,103,385
0.09213829999999978,104,386
0.09309499999999993,105,386
0.09410889999999972,106,384
0.09510149999999973,107,387
0.09613119999999986,108,385
0.09713890000000003,109,386
0.09813509999999992,110,388
0.09914659999999964,111,386
0.10015829999999992,112,386
0.10115759999999963,113,388
0.10216629999999993,114,386
0.10317189999999998,115,385
0.10415149999999995,116,388
0.10524239999999985,117,385
0.10622089999999984,118,388
0.10720789999999969,119,387
0.10820790000000002,120,385
0.11008079999999998,121,387
0.11109089999999977,122,385
0.11209089999999966,123,386
0.11309989999999992,124,383
0.11411629999999962,125,386
0.11512159999999971,126,384
0.11612659999999986,127,385
0.11712319999999998,128,386
0.11815409999999993,129,387
0.11920659999999961,130,386
0.12013069999999981,131,385
0.12115969999999976,132,386
0.12218829999999992,133,386
0.12317999999999962,134,385
0.12418649999999998,135,384
0.1252146999999999,136,385
0.12621289999999963,137,386
0.12719869999999966,138,386
0.12908229999999987,139,386
0.1301123999999998,140,385
0.13109919999999997,141,385
0.13215569999999977,142,385
0.13311699999999993,143,386
0.1341211999999996,144,385
0.1351274,145,386
0.1361055999999996,146,385
0.13713569999999997,147,385
0.13819219999999977,148,386
0.13916019999999962,149,385
0.14017109999999988,150,385
0.14120929999999987,151,386
0.1421865999999996,152,385
0.1431855999999998,153,385
0.14418469999999983,154,386
0.14528149999999984,155,386
0.14622889999999966,156,387
0.1480731999999998,157,384
0.14908719999999986,158,385
0.15010319999999977,159,388
0.15111129999999973,160,385
0.15209019999999995,161,386
0.15311229999999965,162,385
0.15414079999999997,163,387
0.15513279999999963,164,385
0.1561382,165,387
0.15715429999999975,166,386
0.1581568,167,386
0.15921260000000004,168,386
0.16020129999999977,169,386
0.16118940000000004,170,386
0.1621999999999999,171,386
0.1631917999999999,172,386
0.1642051999999996,173,387
0.16520179999999973,174,387
0.16706939999999992,175,385
0.16805009999999987,176,387
0.16908919999999972,177,387
0.17010709999999962,178,386
0.1711008999999999,179,384
0.17219790000000001,180,386
0.17324070000000003,181,386
0.1741324999999998,182,385
0.17611769999999982,183,385
0.17625329999999995,184,386
0.17715579999999997,185,386
0.17816549999999998,186,385
0.1791798,187,386
0.1801758999999996,188,387
0.1811832,189,385
0.18219999999999992,190,385
0.18320769999999964,191,385
0.18418399999999968,192,386
0.1860980999999997,193,385
0.1870885999999996,194,386
0.18810829999999967,195,385
0.18911860000000003,196,386
0.19011789999999973,197,386
0.1911217999999999,198,386
0.19212759999999962,199,385
0.19312309999999977,200,385
0.19415159999999965,201,388
0.19515649999999996,202,386
0.19615009999999966,203,386
0.19715839999999973,204,386
0.19817609999999997,205,385
0.19923460000000004,206,386
0.20016829999999963,207,385
0.2011829999999999,208,387
0.20221319999999965,209,385
0.2032029999999998,210,386
0.2050698999999998,211,385
0.20608549999999992,212,386
0.20709699999999964,213,386
0.20810320000000004,214,386
0.20909999999999984,215,386
0.21012940000000002,216,385
0.2111331999999999,217,385
0.21217379999999997,218,386
0.21314639999999985,219,386
0.2141523999999997,220,386
0.2151468999999997,221,385
0.21613489999999969,222,385
0.2171797999999998,223,386
0.2181835999999997,224,386
0.21919349999999982,225,384
0.22018879999999985,226,384
0.2211957,227,384
0.22221279999999988,228,386
0.22407169999999965,229,385
0.2250679,230,385
0.22613819999999984,231,385
0.22710269999999966,232,385
0.22810219999999992,233,386
0.2291116999999998,234,386
0.2301409999999997,235,385
0.2311323999999999,236,384
0.23211689999999985,237,385
0.23314729999999972,238,385
0.2341641999999995,239,386
0.23517039999999945,240,386
0.23617519999999992,241,385
0.23718099999999964,242,385
0.23818439999999974,243,385
0.2392403999999999,244,386
0.24022339999999964,245,385
0.2412144999999999,246,385
0.24307699999999954,247,386
0.24406980000000011,248,385
0.24508699999999983,249,386
0.2461171000000002,250,386
0.2471148999999997,251,386
0.24810089999999985,252,388
0.2491235999999999,253,387
0.2501407000000002,254,387
0.2511497999999994,255,388
0.2522253000000001,256,387
0.2531850000000002,257,386
0.25417989999999957,258,388
0.2551749999999995,259,387
0.25618359999999996,260,386
0.25719219999999954,261,387
0.25818530000000006,262,386
0.25919369999999997,263,386
0.2602093999999999,264,387
0.26207080000000005,265,386
0.26306799999999964,266,385
0.26406170000000007,267,384
0.2651142000000002,268,385
0.26614309999999985,269,385
0.2671374000000002,270,386
0.26814230000000006,271,385
0.26913819999999955,272,385
0.2701462999999995,273,385
0.2711560999999998,274,388
0.2721507000000001,275,385
0.2741047999999999,276,387
0.27424300000000024,277,386
0.2751796999999998,278,386
0.27618459999999967,279,386
0.27718240000000005,280,384
0.2782152,281,386
0.2792588999999994,282,384
0.28107039999999994,283,384
0.2820865999999995,284,387
0.2830965000000001,285,387
0.2841110999999996,286,386
0.28510860000000005,287,386
0.28611459999999944,288,384
0.2871239999999995,289,385
0.28814159999999944,290,386
0.2891446999999996,291,385
0.29014969999999973,292,385
0.2911470999999999,293,385
0.29220889999999944,294,386
0.2932085999999998,295,385
0.2941861000000001,296,387
0.29519559999999956,297,386
0.2961695999999998,298,386
0.2972570999999995,299,386
0.2982208000000002,300,386
0.3000701000000001,301,387
0.3010685999999998,302,386
0.30210449999999955,303,387
0.30310970000000026,304,386
0.3041035000000001,305,385
0.30511399999999966,306,387
0.30617559999999955,307,385
0.3071275,308,385
0.3081537999999995,309,387
0.30916189999999943,310,385
0.31015899999999963,311,387
0.31116790000000005,312,386
0.31214159999999946,313,385
0.3132140999999997,314,385
0.3141987999999998,315,386
0.31519850000000016,316,388
0.3162034999999994,317,385
0.3171998999999994,318,386
0.3190955999999998,319,386
0.32008480000000006,320,386
0.32109839999999945,321,387
0.32210369999999955,322,385
0.32310069999999946,323,387
0.3241310999999998,324,387
0.3251398999999999,325,385
0.3261351000000001,326,385
0.3271448000000001,327,387
0.3281358999999995,328,387
0.3291927999999995,329,388
0.3301774000000002,330,388
0.33116719999999944,331,388
0.3322069000000001,332,387
0.33321880000000004,333,388
0.3342010999999996,334,386
0.33520780000000006,335,386
0.33620740000000016,336,386
0.3380787999999999,337,386
0.3390700999999998,338,386
0.3400888999999996,339,385
0.3411276000000001,340,386
0.3421101999999996,341,387
0.34311380000000025,342,386
0.3441934,343,388
0.34513570000000016,344,385
0.34617889999999996,345,388
0.34716599999999964,346,388
0.3481620999999997,347,387
0.3491716,348,386
0.35016919999999985,349,384
0.3511823999999999,350,386
0.3521862000000002,351,384
0.3531997000000002,352,385
0.35420359999999995,353,386
0.35519750000000005,354,385
0.35708499999999965,355,386
0.35807719999999943,356,386
0.35910259999999994,357,387
0.3601675999999996,358,385
0.3611373000000002,359,388
0.3621219,360,387
0.3631272000000001,361,384
0.3641243999999997,362,386
0.3651565999999997,363,386
0.36615019999999987,364,386
0.3671515999999997,365,387
0.36816099999999974,366,388
0.3691754999999999,367,388
0.37017979999999984,368,386
0.3720679999999996,369,387
0.3722126999999995,370,388
0.3732544999999998,371,386
0.3742044,372,388
0.3760509000000001,373,386
0.37707140000000017,374,386
0.3780941999999996,375,388
0.37910229999999956,376,387
0.3801167999999997,377,388
0.3811270000000002,378,386
0.3821341999999994,379,387
0.3831258999999996,380,385
0.3841374000000002,381,385
0.3851369999999994,382,387
0.3862607999999996,383,386
0.3871817000000002,384,386
0.38816959999999945,385,385
0.38917290000000015,386,387
0.3901892,387,388
0.3911851999999998,388,386
0.3921773000000002,389,386
0.39319729999999975,390,385
0.3950703999999998,391,388
0.39606799999999964,392,384
0.39710420000000024,393,387
0.39810940000000006,394,385
0.39912610000000015,395,387
0.4001317000000002,396,384
0.40113799999999955,397,384
0.4021336,398,386
0.4031386000000001,399,385
0.40413609999999967,400,385
0.40516470000000027,401,384
0.4061680999999995,402,386
0.40716909999999995,403,386
0.40815429999999964,404,384
0.4092000999999996,405,386
0.41019119999999987,406,385
0.4111973999999998,407,385
0.41219499999999965,408,386
0.4140800999999996,409,386
0.4150716000000001,410,386
0.4160880999999996,411,385
0.4171167999999996,412,384
0.41810990000000015,413,385
0.41911469999999973,414,385
0.4201245,415,384
0.4211413999999998,416,385
0.42214569999999974,417,384
0.4231657999999996,418,384
0.4241317999999996,419,386
0.4251604999999996,420,385
0.4262458999999996,421,386
0.42718969999999956,422,388
0.4281946999999997,423,388
0.42918579999999995,424,388
0.43020060000000004,425,387
0.43119830000000015,426,385
0.4330848999999999,427,387
0.43407779999999985,428,388
0.43508939999999985,429,386
0.4361014000000001,430,387
0.43711829999999985,431,387
0.4381382999999994,432,386
0.43916559999999993,433,388
0.4401415000000002,434,387
0.4411505999999994,435,386
0.44214730000000024,436,388
0.44314949999999964,437,385
0.4441601999999998,438,387
0.44517649999999964,439,387
0.4461819999999994,440,386
0.44718509999999956,441,387
0.44818289999999994,442,387
0.4492107000000001,443,387
0.45020599999999966,444,387
0.45207709999999945,445,385
0.4530951999999999,446,388
0.4541252999999994,447,386
0.45511310000000016,448,387
0.4560905000000002,449,386
0.4571151999999996,450,384
0.45812959999999947,451,386
0.45912620000000004,452,384
0.46013530000000014,453,386
0.46115369999999967,454,386
0.4621573999999997,455,384
0.4631698000000002,456,385
0.4641674999999994,457,387
0.4651734999999997,458,385
0.4662883999999998,459,385
0.4672061999999997,460,386
0.4682101999999997,461,387
0.46920420000000007,462,385
0.47107169999999954,463,387
0.47204719999999956,464,386
0.47310439999999954,465,385
0.4741087999999998,466,386
0.47510150000000007,467,385
0.47611129999999946,468,386
0.47714069999999964,469,386
0.47813529999999993,470,385
0.4791463999999994,471,386
0.48018819999999973,472,386
0.48115430000000003,473,384
0.48217719999999975,474,387
0.4831715000000001,475,385
0.48418150000000004,476,386
0.48518479999999986,477,386
0.4861997999999996,478,388
0.48721250000000005,479,387
0.48816599999999966,480,386
0.4900783999999998,481,386
0.4910702999999996,482,387
0.49209000000000014,483,385
0.49315849999999983,484,385
0.4941249000000001,485,387
0.4951238999999994,486,385
0.4961335,487,386
0.49712639999999997,488,386
0.49814129999999945,489,386
0.49913700000000016,490,386
0.5001477999999997,491,386
0.5011939999999999,492,387
0.5021699000000002,493,387
0.5031713,494,385
0.5041566,495,386
0.5051964999999994,496,386
0.5062631,497,384
0.5072258999999999,498,385
0.5090839999999996,499,388
0.5100783,500,386
0.5110874999999995,501,386
0.5121193999999996,502,388
0.5131144999999995,503,386
0.5141225,504,387
0.5151256999999996,505,386
0.5161785999999999,506,385
0.5171554,507,384
0.5181467,508,386
0.5191489999999996,509,385
0.5201864999999994,510,386
0.5211760999999999,511,386
0.5221830999999995,512,385
0.5231854999999994,513,386
0.5241847999999996,514,384
0.5251941999999996,515,386
0.5262126,516,384
0.5280794999999996,517,384
0.5290768999999997,518,385
0.5300951999999999,519,386
0.5311010999999999,520,384
0.5321072999999998,521,385
0.533169,522,385
0.5341342999999998,523,387
0.5351365999999995,524,388
0.5361243999999994,525,386
0.5371359,526,385
0.5381729999999996,527,387
0.5391696000000001,528,385
0.5401715999999999,529,386
0.5411795999999995,530,386
0.5421892000000001,531,386
0.5431818999999996,532,386
0.5442114999999994,533,385
0.5452069000000002,534,386
0.5470972999999999,535,387
0.5480950999999994,536,386
0.5491066999999994,537,386
0.5501110999999996,538,386
0.5511013999999994,539,387
0.5520879999999995,540,388
0.5531274999999996,541,386
0.5541365999999996,542,385
0.5551462000000003,543,386
0.5561381000000001,544,386
0.5571481,545,385
0.5581756000000002,546,385
0.5591686999999999,547,388
0.5602334999999998,548,386
0.561204,549,388
0.5621947,550,386
0.563205,551,386
0.5642049,552,388
0.5660783,553,386
0.5670678999999996,554,388
0.5680623000000002,555,387
0.5691986,556,386
0.5701111999999995,557,387
0.5711215999999997,558,386
0.5721153000000001,559,388
0.5731453000000002,560,386
0.5741537000000001,561,386
0.5751359000000003,562,387
0.5761649999999996,563,385
0.5771742,564,386
0.5781722999999994,565,386
0.5791817999999997,566,387
0.5801845999999999,567,388
0.5811833999999996,568,387
0.5822127999999998,569,387
0.5832027000000002,570,387
0.5850678999999994,571,386
0.5860856999999999,572,388
0.5871298999999999,573,386
0.5881197999999994,574,388
0.5891150999999999,575,386
0.5901239,576,386
0.5911216999999995,577,387
0.5921573000000002,578,387
0.5931752000000001,579,386
0.5941555999999997,580,385
0.5951632,581,385
0.5961701999999995,582,386
0.5971681999999996,583,388
0.5981752,584,386
0.5991830999999994,585,387
0.6002007000000003,586,385
0.6012132000000001,587,386
0.6022061000000001,588,387
0.6040704999999997,589,386
0.6050680999999996,590,386
0.6061046999999995,591,387
0.6071157999999999,592,386
0.6081130999999997,593,386
0.6091210999999994,594,387
0.6101149000000001,595,385
0.6111237999999997,596,386
0.6121531999999998,597,385
0.6131798999999996,598,386
0.6141949999999996,599,385
0.6151650999999996,600,385
0.6161424000000002,601,383
0.6171711999999996,602,383
0.6182014000000002,603,385
0.6191940999999996,604,384
0.6201977999999997,605,383
0.6211947999999996,606,385
0.6230880000000001,607,383
0.6240823999999998,608,383
0.6250995000000001,609,383
0.6261117,610,384
0.6271630999999998,611,385
0.6281302999999996,612,384
0.6291221,613,386
0.6301261,614,384
0.6311356999999997,615,386
0.6321110000000001,616,384
0.6331633999999999,617,385
0.6341701999999998,618,387
0.6351689999999994,619,384
0.6361724999999998,620,384
0.6371830999999997,621,386
0.6381999,622,385
0.6392359000000001,623,387
0.6403096000000001,624,385
0.6420772999999995,625,386
0.6430707999999994,626,385
0.6441065999999998,627,386
0.6451104999999995,628,386
0.6461033,629,386
0.6471146999999995,630,384
0.6480885999999995,631,385
0.6491391999999996,632,386
0.6501475000000001,633,385
0.6511449000000002,634,386
0.6521596000000001,635,387
0.6532317999999995,636,386
0.6542819,637,388
0.6551840000000002,638,386
0.6561919999999999,639,386
0.6571854999999998,640,388
0.6582279,641,388
0.6592193000000002,642,387
0.6610683999999996,643,386
0.6620859000000001,644,385
0.6631026000000002,645,385
0.6640893999999999,646,386
0.6650995000000002,647,385
0.6661294,648,386
0.6672408000000001,649,384
0.6681336,650,385
0.6691364999999996,651,384
0.6701565999999994,652,386
0.6711963000000001,653,385
0.6721813000000001,654,386
0.6731783,655,385
0.6741853999999998,656,385
0.6752159999999998,657,385
0.6761989999999996,658,383
0.6772093999999997,659,384
0.6782256999999996,660,385
0.6800777,661,385
0.6810989999999997,662,385
0.6820963999999998,663,384
0.6831014,664,384
0.6841200999999995,665,385
0.6851319,666,384
0.6861221999999998,667,387
0.6871355000000001,668,385
0.6881427999999996,669,385
0.6891391000000002,670,386
0.6901535999999995,671,385
0.6911871999999999,672,385
0.6921754,673,386
0.6931798000000002,674,386
0.6942345999999997,675,386
0.6951865000000002,676,384
0.6961743,677,386
0.6972052,678,385
0.6990843999999994,679,385
0.7000808999999997,680,388
0.7011092999999997,681,385
0.7021028999999999,682,386
0.7031060999999994,683,386
0.7041170000000001,684,387
0.7051246999999998,685,385
0.7061272999999995,686,386
0.7072769000000001,687,385
0.7081659999999994,688,388
0.7091671999999996,689,386
0.7101769999999998,690,385
0.7111719999999995,691,386
0.7121613999999994,692,385
0.7131742000000001,693,385
0.7141845999999994,694,386
0.7151984999999996,695,386
0.7161951999999996,696,385
0.7180778999999999,697,386
0.7190745999999999,698,385
0.7201189000000001,699,384
0.7211717999999996,700,386
0.7221054000000002,701,386
0.7231182999999994,702,385
0.7241159000000001,703,385
0.7251295999999998,704,385
0.7261394000000001,705,385
0.7271402,706,385
0.7281303999999995,707,386
0.7291644999999995,708,385
0.7301641999999999,709,386
0.7311775999999997,710,385
0.7321754999999994,711,386
0.7331880999999996,712,385
0.7342589999999998,713,385
0.7352086,714,385
0.7370733999999999,715,386
0.7380737999999996,716,386
0.7390935999999995,717,384
0.7400925000000003,718,386
0.7411056999999994,719,386
0.7421188000000001,720,386
0.7431355000000002,721,384
0.7441120999999997,722,387
0.7451425999999994,723,386
0.7461405000000001,724,384
0.7472671000000002,725,385
0.7481784999999999,726,385
0.7491756,727,386
0.7501907000000001,728,385
0.7511975,729,387
0.7521917,730,388
0.7532005999999996,731,384
0.7541997,732,387
0.7560732999999997,733,385
0.7570736999999994,734,386
0.7580925999999995,735,385
0.7590921999999996,736,385
0.7601100000000001,737,386
0.7611635999999997,738,386
0.7621193000000002,739,386
0.7631300999999997,740,386
0.7641403000000002,741,386
0.7651684999999997,742,386
0.7661534999999997,743,385
0.7671638999999999,744,386
0.7681645000000001,745,386
0.7691761000000001,746,384
0.7701756,747,387
0.7711898000000001,748,386
0.7722001999999994,749,388
0.7731994999999996,750,386
0.7750836999999997,751,386
0.7760552999999994,752,387
0.7770925000000002,753,385
0.7780921999999997,754,385
0.7791050999999998,755,386
0.7801166999999998,756,389
0.7811215999999996,757,388
0.7821280999999995,758,388
0.7831399000000001,759,386
0.7841389999999997,760,387
0.7851498000000001,761,386
0.7861617000000001,762,386
0.7871936000000002,763,385
0.7882090000000002,764,384
0.7891788999999996,765,386
0.7901878999999994,766,385
0.7911982000000002,767,383
0.7922197999999998,768,386
0.7940712999999997,769,386
0.7950716999999994,770,386
0.7960947999999997,771,385
0.7970904000000001,772,384
0.7981021999999998,773,384
0.7991149999999996,774,386
0.8001154000000001,775,386
0.8011774000000003,776,386
0.8021595999999995,777,386
0.8031549999999994,778,385
0.8041597999999999,779,387
0.8051715000000002,780,387
0.8061699999999998,781,385
0.8071833000000002,782,386
0.8081601999999997,783,385
0.8091851999999999,784,385
0.8101975000000001,785,387
0.8111974000000002,786,387
0.8122039000000001,787,386
0.8141091999999999,788,386
0.8151248999999998,789,384
0.8160929999999995,790,386
0.8171039000000002,791,388
0.8181156999999999,792,387
0.8191153,793,386
0.8201254000000002,794,388
0.8211542999999999,795,387
0.8221467000000002,796,386
0.8231608000000001,797,386
0.8241493999999996,798,387
0.8251625000000002,799,386
0.8261737,800,387
0.8272449000000002,801,386
0.8282435000000001,802,388
0.8292175999999998,803,387
0.8302119000000001,804,385
0.8312074999999997,805,387
0.8330796999999999,806,386
0.8340987999999996,807,386
0.8350990999999999,808,385
0.8361108999999995,809,386
0.8371240999999996,810,385
0.8381235,811,387
0.8391358999999996,812,386
0.8401253999999998,813,386
0.8411922999999994,814,385
0.8421685999999999,815,385
0.8431765000000002,816,386
0.8441744,817,386
0.8451835000000001,818,388
0.8461844999999997,819,386
0.8471956999999994,820,387
0.8482072999999994,821,388
0.8492058999999994,822,387
0.8502048999999996,823,387
0.8520792999999998,824,386
0.8530994999999999,825,385
0.8541584999999996,826,386
0.8551161,827,388
0.8561038999999999,828,386
0.8571156000000002,829,387
0.8581256999999995,830,386
0.8591391000000002,831,386
0.8601744999999994,832,385
0.8611538999999997,833,386
0.8621635999999997,834,386
0.8641749999999995,835,387
0.8643096999999997,836,387
0.8651732999999995,837,385
0.8661858999999996,838,385
0.8672788999999996,839,386
0.8682441999999995,840,385
0.8692187000000002,841,386
0.8710808999999999,842,386
0.8720775999999999,843,388
0.8730899000000001,844,386
0.8741022999999997,845,386
0.8751150999999995,846,388
0.8761491999999995,847,386
0.8771582999999996,848,386
0.8781574999999995,849,385
0.8791542999999997,850,385
0.8801600999999994,851,386
0.8812293000000002,852,386
0.8821861999999996,853,386
0.8831917999999996,854,387
0.8841849999999996,855,387
0.8851963999999999,856,387
0.8862060999999999,857,388
0.8872070999999995,858,386
0.8881847999999994,859,388
0.8900703999999999,860,388
0.8911017000000001,861,386
0.8920916999999999,862,388
0.8931037000000002,863,386
0.8941786999999994,864,386
0.8951503999999995,865,386
0.8961439000000002,866,386
0.8971542000000001,867,387
0.8981474999999994,868,387
0.899159,869,386
0.9001712,870,385
0.9011714,871,388
0.9021837000000001,872,388
0.9031820000000002,873,387
0.9041724999999996,874,386
0.9051966999999994,875,384
0.9062017999999998,876,384
0.9071996000000002,877,386
0.9090939000000002,878,388
0.9101056999999999,879,387
0.9111009000000001,880,386
0.9121126999999998,881,385
0.9131238000000002,882,385
0.9141227999999995,883,386
0.9151356000000002,884,384
0.9161467999999999,885,385
0.9171468999999997,886,385
0.9181583,887,386
0.9191713999999997,888,386
0.9201483000000001,889,387
0.9212075999999998,890,387
0.9221899999999996,891,386
0.9231939999999996,892,388
0.9242046999999998,893,387
0.9252072999999994,894,388
0.9262068999999995,895,385
0.9280796999999996,896,385
0.9290988999999996,897,384
0.9300984999999997,898,386
0.9311116999999998,899,386
0.9321241999999996,900,386
0.9331244999999999,901,387
0.9341783999999995,902,384
0.9351566999999994,903,385
0.9361255999999996,904,387
0.9371504000000002,905,385
0.9381759000000001,906,388
0.9391631999999994,907,387
0.9401725999999995,908,386
0.9411738999999999,909,384
0.9421900000000001,910,385
0.9431969000000002,911,384
0.9441958999999995,912,386
0.9451963999999995,913,386
0.9470708999999999,914,385
0.9481285999999995,915,386
0.9491008999999995,916,385
0.9501112999999997,917,385
0.9511156999999999,918,385
0.9520948999999996,919,386
0.9531279000000001,920,386
0.9541743,921,387
0.9551539,922,386
0.9561602000000002,923,388
0.9571712999999997,924,386
0.9581694000000001,925,388
0.9591744999999996,926,386
0.9601743999999997,927,388
0.9621689,928,387
0.9623074000000003,929,385
0.9632071,930,386
0.9642045000000001,931,386
0.9660788,932,386
0.9670899999999998,933,386
0.9680679999999997,934,388
0.9691019999999995,935,388
0.9701209999999998,936,388
0.9711169999999996,937,386
0.9721280999999999,938,386
0.9731402999999998,939,385
0.9741758000000003,940,388
0.9751829000000001,941,385
0.9761829999999998,942,387
0.9771780999999997,943,386
0.9781880999999997,944,386
0.9791885000000002,945,386
0.9802023999999996,946,385
0.9812126000000001,947,386
0.9822087000000002,948,384
0.9832380000000001,949,386
0.9850871999999997,950,387
0.9861053999999996,951,387
0.9870992999999997,952,387
0.9881513000000002,953,385
0.9891157999999995,954,386
0.9901140999999996,955,388
0.9911418999999997,956,387
0.9921594000000002,957,388
0.9931491999999995,958,386
0.9941594,959,386
0.9951704000000001,960,386
0.9961696,961,386
0.9971810999999997,962,388
0.9981814,963,386
0.9991930999999994,964,386
1.0001888,965,388
1.0012480999999998,966,386
1.0022202,967,387
1.0040795999999999,968,386
1.0050990999999998,969,386
1.0060991000000001,970,388
1.0071114999999997,971,388
1.0081233999999997,972,388
1.0091234999999994,973,388
1.0101345999999998,974,386
1.0111464999999997,975,386
1.0121468999999994,976,388
1.013159,977,387
1.0142096999999994,978,388
1.0152128999999999,979,387
1.0161485,980,386
1.0171912999999995,981,386
1.0181956999999997,982,388
1.0191973,983,388
1.0201966000000002,984,388
1.0211971000000002,985,388
1.0230708000000002,986,386
1.0240894000000003,987,388
1.0250896000000003,988,386
1.0261062999999995,989,388
1.0271152,990,386
1.0281513000000002,991,388
1.0291429999999995,992,385
1.0301521999999999,993,388
1.0311485999999999,994,385
1.0321384,995,387
1.0331606999999998,996,386
1.0341649999999998,997,385
1.0351713,998,386
1.0361747000000001,999,387
1.0371977000000001,1000,386
1.0390708000000002,1001,388
1.0401021999999998,1002,386
1.0411896999999994,1003,387
1.0421591999999995,1004,385
1.0431660000000003,1005,386
1.0441874000000002,1006,387
1.0451983,1007,385
1.0470758999999994,1008,388
1.0480885999999998,1009,388
1.0491282999999996,1010,387
1.0501445999999994,1011,387
1.051164,1012,388
1.0521864999999995,1013,388
1.0531975999999998,1014,388
1.0550946999999997,1015,386
1.0561128999999996,1016,386
1.0571383999999995,1017,388
1.0581477000000001,1018,388
1.0601130999999997,1019,388
1.0602538,1020,388
1.0612038999999998,1021,388
1.0630825999999995,1022,386
1.0640906999999995,1023,388
1.0651351999999994,1024,385
1.066147,1025,387
1.0671714999999997,1026,387
1.0682416999999997,1027,386
1.0691958000000001,1028,388
1.0710917000000002,1029,387
1.0721045,1030,385
1.0731263999999996,1031,385
1.0741378,1032,386
1.0751593999999995,1033,386
1.0761808999999998,1034,387
1.0772877999999997,1035,386
1.0790939999999996,1036,385
1.0800855,1037,384
1.0811903999999997,1038,385
1.0821899999999998,1039,387
1.0831637999999995,1040,386
1.0841858000000002,1041,387
1.0852098999999997,1042,385
1.0870904999999995,1043,386
1.0881039999999995,1044,388
1.0891267999999998,1045,386
1.0901502,1046,386
1.0911786999999995,1047,388
1.0921873,1048,386
1.0932091999999995,1049,388
1.0951234999999997,1050,388
1.0960918,1051,386
1.0971265,1052,388
1.0981496000000002,1053,388
1.0991612999999996,1054,388
1.1001851,1055,386
1.1012116999999995,1056,388
1.1030894,1057,388
1.1041039000000001,1058,385
1.1051259999999994,1059,386
1.1061496999999996,1060,386
1.1071615000000001,1061,386
1.1082314999999996,1062,388
1.1092969999999998,1063,386
1.1110924999999998,1064,386
1.112082,1065,388
1.1131256999999994,1066,387
1.1141499999999995,1067,386
1.1151599,1068,386
1.1161835999999994,1069,386
1.1172071,1070,386
1.1190891999999995,1071,388
1.1201302999999996,1072,387
1.1211419999999999,1073,388
1.1221777,1074,386
1.1231707999999996,1075,386
1.1241941999999998,1076,388
1.1252829999999996,1077,388
1.1271059,1078,388
1.1281086,1079,386
1.1291352999999997,1080,388
1.1301606,1081,388
1.1311822999999999,1082,388
1.1321968999999994,1083,388
1.1332122,1084,386
1.1351282999999999,1085,386
1.1361379999999999,1086,387
1.1371418999999996,1087,388
1.1381598999999998,1088,388
1.1391827,1089,386
1.1401956000000002,1090,388
1.1412341000000001,1091,386
1.1430989999999994,1092,388
1.1441021999999998,1093,386
1.1451265,1094,387
1.1461503999999998,1095,385
1.1471741,1096,387
1.1482703999999995,1097,387
1.1492202999999996,1098,387
1.1510916999999994,1099,387
1.1521159,1100,386
1.1531251999999999,1101,386
1.1541481999999998,1102,385
1.1551732999999995,1103,388
1.1561865999999998,1104,386
1.1582201999999997,1105,388
1.1591049,1106,386
1.1601017000000002,1107,385
1.1611278,1108,386
1.1621873000000003,1109,386
1.1631862999999996,1110,387
1.1642183,1111,388
1.1660807999999996,1112,387
1.1670992,1113,387
1.1681230999999999,1114,388
1.1691471999999994,1115,386
1.1701597999999995,1116,386
1.1711855,1117,388
1.1721943999999995,1118,387
1.1740804000000002,1119,388
1.1751588999999996,1120,386
1.1761029,1121,387
1.1771389,1122,388
1.1781511,1123,387
1.1791728,1124,388
1.1801974,1125,388
1.1820708,1126,386
1.1830891999999995,1127,389
1.1841147999999997,1128,388
1.1851373,1129,388
1.1861496000000002,1130,386
1.1871729000000002,1131,386
1.1882826,1132,387
1.1900965999999995,1133,386
1.1911093,1134,386
1.1920880999999994,1135,388
1.1931532000000002,1136,385
1.1941588999999997,1137,387
1.195182,1138,385
1.1962047999999994,1139,385
1.1980795999999998,1140,387
1.1990983999999996,1141,387
1.2001238,1142,388
1.2011479999999999,1143,385
1.2022054999999998,1144,385
1.2031744,1145,385
1.2041978000000002,1146,388
1.2060712999999996,1147,387
1.2070903,1148,388
1.2080931999999995,1149,388
1.2091377999999997,1150,386
1.2101508,1151,386
1.2111739999999998,1152,386
1.2121968999999995,1153,388
1.2140708999999994,1154,386
1.2151395000000003,1155,388
1.2161296999999998,1156,387
1.2171474999999994,1157,386
1.2181609,1158,387
1.2191833999999995,1159,385
1.2202063,1160,386
1.2220807000000002,1161,387
1.2231113999999996,1162,388
1.2241020999999996,1163,388
1.2251383999999996,1164,386
1.2261619999999995,1165,386
1.2271738999999995,1166,389
1.2282624000000002,1167,388
1.2300762,1168,385
1.2311046,1169,387
1.2321159000000002,1170,388
1.2331392999999995,1171,386
1.2341784999999996,1172,387
1.2351824000000002,1173,386
1.2362064999999998,1174,386
1.2380803999999994,1175,386
1.2391107999999997,1176,385
1.2401014999999997,1177,386
1.2411379999999994,1178,387
1.2422035999999999,1179,387
1.2431900999999996,1180,384
1.2442126,1181,387
1.2460800999999995,1182,386
1.2471112,1183,387
1.2481233999999999,1184,385
1.2491465999999996,1185,385
1.2501711999999996,1186,387
1.2511820999999994,1187,387
1.2522080999999998,1188,387
1.2540810000000002,1189,386
1.2552082000000002,1190,385
1.2561035,1191,388
1.2571414999999995,1192,388
1.2581635000000002,1193,386
1.2591742999999997,1194,387
1.2601971,1195,386
1.2620712999999997,1196,387
1.2631027000000001,1197,387
1.2641159999999996,1198,387
1.2651376999999995,1199,386
1.2661619999999996,1200,386
1.2671723999999998,1201,386
1.2681964,1202,387
1.2700917,1203,388
1.2711138000000002,1204,388
1.2721147999999998,1205,388
1.2731361999999997,1206,388
1.2741761,1207,386
1.2751796999999998,1208,386
1.2761959999999997,1209,385
1.2780857,1210,386
1.2791091999999997,1211,387
1.2801273000000002,1212,388
1.2811351999999996,1213,388
1.2822206999999999,1214,388
1.2832026,1215,388
1.2842064999999998,1216,386
1.2860813999999996,1217,386
1.2871100999999996,1218,386
1.2881070000000001,1219,387
1.2891515999999994,1220,388
1.2901720999999995,1221,388
1.2911921,1222,387
1.2921987000000001,1223,388
1.2940858999999998,1224,387
1.2951381,1225,388
1.2961561000000001,1226,387
1.2971538000000002,1227,388
1.2981701,1228,388
1.2991925000000002,1229,386
1.3002003999999996,1230,385
1.3020718999999996,1231,387
1.3031009999999998,1232,387
1.3040991000000002,1233,386
1.3051522000000002,1234,387
1.3061708999999997,1235,388
1.3071909000000002,1236,388
1.3081952000000001,1237,386
1.3100873000000002,1238,387
1.3111102,1239,388
1.3121298000000001,1240,389
1.3131367000000003,1241,389
1.3141777999999995,1242,387
1.3151902,1243,386
1.3161962000000003,1244,386
1.3180908999999996,1245,386
1.3191030000000001,1246,387
1.3201051000000001,1247,386
1.3211360999999995,1248,387
1.3222559,1249,388
1.3231962,1250,388
1.3241996999999994,1251,385
1.3261053,1252,386
1.3271150999999994,1253,387
1.3281362999999997,1254,385
1.3291570999999998,1255,386
1.3301615999999994,1256,387
1.3311852999999996,1257,385
1.3322124999999998,1258,388
1.3341002,1259,388
1.3351280999999995,1260,386
1.3361447000000002,1261,386
1.3371598000000002,1262,388
1.3381641000000002,1263,386
1.3391830999999996,1264,387
1.3402227,1265,388
1.3420912999999999,1266,388
1.3431008000000002,1267,387
1.3441448999999999,1268,385
1.3451578,1269,385
1.3461622000000002,1270,386
1.3471848,1271,386
1.348224,1272,385
1.3500984000000003,1273,386
1.3511018999999997,1274,387
1.3531094000000001,1275,384
1.3532576,1276,386
1.3541631,1277,385
1.3551829,1278,385
1.356224,1279,384
1.3580904,1280,385
1.3591005000000003,1281,385
1.3601412999999996,1282,386
1.3611583999999999,1283,387
1.3621936999999997,1284,385
1.3631944999999996,1285,386
1.3642158000000002,1286,385
1.3660968000000002,1287,385
1.3671141999999996,1288,386
1.3681001999999998,1289,387
1.3691734999999996,1290,387
1.3701729999999994,1291,387
1.3711931000000002,1292,385
1.3722164000000001,1293,386
1.3741056,1294,386
1.3751211999999997,1295,385
1.3761872999999998,1296,387
1.3771668999999997,1297,386
1.3781857999999998,1298,387
1.3791944000000003,1299,386
1.3802142000000002,1300,385
1.3820929,1301,387
1.3831163000000002,1302,386
1.3841339000000001,1303,385
1.3851601999999996,1304,386
1.3861745,1305,385
1.3871832,1306,386
1.3882282999999997,1307,386
1.3901184999999998,1308,385
1.3911287999999997,1309,386
1.3921374999999996,1310,384
1.3931506999999996,1311,384
1.3941884999999994,1312,384
1.3951905999999994,1313,384
1.3962187999999998,1314,386
1.3980905999999997,1315,387
1.3991126999999999,1316,388
1.4001335,1317,388
1.4011569999999995,1318,387
1.4022591999999996,1319,385
1.4032158,1320,387
1.4042301999999998,1321,385
1.4060994999999998,1322,386
1.4071213999999994,1323,388
1.4081399,1324,385
1.4091595999999997,1325,385
1.4101758000000002,1326,387
1.4112115999999997,1327,386
1.4130855000000002,1328,386
1.4140987000000003,1329,386
1.4151216,1330,387
1.4161546999999999,1331,387
1.4171700999999999,1332,385
1.4181900999999995,1333,385
1.4191940999999995,1334,386
1.4210703999999996,1335,386
1.4220901999999995,1336,388
1.4231128000000002,1337,386
1.4241564999999996,1338,387
1.4251645000000002,1339,387
1.4261742000000002,1340,388
1.4272312999999999,1341,386
1.4291194000000003,1342,386
1.4301141,1343,388
1.4311314,1344,388
1.4325815999999998,1345,388
1.4331493999999996,1346,386
1.4341869000000003,1347,386
1.4352017999999997,1348,386
1.4370707999999999,1349,387
1.4380898000000002,1350,387
1.4391143,1351,386
1.4401577999999997,1352,386
1.4411620999999997,1353,387
1.4421971999999998,1354,388
1.4433746999999997,1355,386
1.4450924999999994,1356,387
1.4461021999999994,1357,386
1.4471315999999996,1358,387
1.4485836999999995,1359,386
1.4491654999999994,1360,386
1.4502135000000003,1361,386
1.4513398999999998,1362,387
1.4530816,1363,388
1.4540987999999997,1364,386
1.4551257,1365,386
1.4562359999999996,1366,386
1.4571736,1367,387
1.4581916999999995,1368,388
1.4593939999999996,1369,388
1.4610944999999997,1370,386
1.4621208,1371,386
1.4631242999999996,1372,388
1.4645846999999996,1373,388
1.4651528000000003,1374,388
1.4661720999999996,1375,388
1.4672134999999997,1376,387
1.4690919999999998,1377,388
1.4701332000000003,1378,388
1.4711318000000002,1379,385
1.4721532000000002,1380,386
1.4731695999999994,1381,387
1.4741815999999996,1382,388
1.4752162999999996,1383,388
1.4770719999999997,1384,388
1.4781009999999997,1385,388
1.4791295,1386,388
1.4801455,1387,388
1.4811722999999999,1388,388
1.4821817,1389,387
1.4832375999999998,1390,387
1.4850832,1391,388
1.4861094000000001,1392,388
1.4871153999999995,1393,387
1.4881514999999998,1394,385
1.4891712999999998,1395,386
1.4901806999999998,1396,388
1.4912150999999998,1397,386
1.4930713999999998,1398,386
1.4941006999999997,1399,387
1.4951299999999996,1400,385
1.4961741999999996,1401,386
1.4971803000000001,1402,386
1.4981875000000002,1403,387
1.4992079999999994,1404,384
1.5010721,1405,388
1.5021005,1406,388
1.5031302000000002,1407,387
1.5041469999999997,1408,386
1.5051632000000001,1409,384
1.5061725,1410,385
1.5072200000000002,1411,386
1.5090814999999997,1412,385
1.5101243999999996,1413,386
1.5111273,1414,388
1.5121437000000002,1415,385
1.5131718999999997,1416,387
1.5141802999999996,1417,386
1.5151984999999994,1418,387
1.5170715000000001,1419,388
1.5181008999999994,1420,387
1.5191425999999995,1421,386
1.5201493,1422,389
1.521172,1423,386
1.5221814,1424,388
1.5232574999999997,1425,386
1.5250832999999995,1426,386
1.52611,1427,386
1.5271280000000003,1428,386
1.5281453000000003,1429,386
1.5291724000000002,1430,387
1.5301932000000003,1431,387
1.5311994000000002,1432,387
1.5330715000000001,1433,387
1.5341003999999998,1434,388
1.5351412,1435,388
1.5362384999999996,1436,385
1.5371686000000002,1437,385
1.5381846000000001,1438,386
1.5392193,1439,385
1.5410813,1440,386
1.5421097000000001,1441,385
1.5431268999999999,1442,386
1.5441532000000002,1443,385
1.5451806000000001,1444,386
1.5461916999999996,1445,386
1.5481565000000002,1446,387
1.5490778999999995,1447,386
1.5501303000000002,1448,385
1.5511385999999998,1449,386
1.5521468999999994,1450,385
1.5531629000000002,1451,385
1.5542948999999995,1452,386
1.5552025999999994,1453,385
1.5570718999999995,1454,386
1.5581008999999995,1455,386
1.5591419999999996,1456,386
1.5605798000000002,1457,387
1.5611635000000001,1458,388
1.5621834999999997,1459,388
1.5632682999999998,1460,386
1.5650937999999996,1461,387
1.5661008999999995,1462,388
1.5671426999999998,1463,387
1.5681579999999995,1464,387
1.5691619999999995,1465,386
1.5702094999999998,1466,388
1.5712028999999994,1467,388
1.5730912999999997,1468,388
1.5741012999999997,1469,386
1.5751420999999999,1470,387
1.5766365999999996,1471,386
1.5771724999999996,1472,386
1.5781922999999995,1473,388
1.5792089999999996,1474,388
1.5810918999999997,1475,388
1.5821011999999994,1476,388
1.5831419000000002,1477,387
1.5841611999999996,1478,388
1.5851644,1479,388
1.5861830999999995,1480,386
1.5872231,1481,386
1.5890924999999996,1482,386
1.5901408999999997,1483,385
1.5911416000000003,1484,386
1.5925944999999997,1485,386
1.5931653,1486,387
1.5941840999999997,1487,388
1.5952250000000001,1488,387
1.5970904,1489,386
1.5981024000000001,1490,387
1.5991419999999996,1491,386
1.6001567999999997,1492,386
1.6011657999999995,1493,385
1.6021833999999995,1494,386
1.6033179999999998,1495,386
1.6050927999999995,1496,386
1.6060999999999996,1497,386
1.6071425000000001,1498,386
1.6081558999999999,1499,387
1.609171,1500,388
1.6101922999999996,1501,386
1.6112083999999998,1502,386
1.6130904,1503,386
1.6141128,1504,387
1.6151409999999995,1505,385
1.6162253,1506,386
1.6171948,1507,385
1.6182001999999995,1508,387
1.6192194999999998,1509,386
1.6210905000000002,1510,385
1.6221145999999997,1511,385
1.6231415,1512,386
1.6241553,1513,386
1.6251815999999994,1514,386
1.6261906000000002,1515,388
1.6272076000000002,1516,388
1.6290898999999994,1517,387
1.6301537999999995,1518,387
1.6311748999999995,1519,385
1.6321794,1520,387
1.6331913999999994,1521,386
1.6341999999999999,1522,386
1.6352202,1523,386
1.6370905999999996,1524,386
1.6381128,1525,386
1.6391412999999995,1526,387
1.6405924999999995,1527,386
1.6411737999999998,1528,388
1.6421845,1529,388
1.6433444999999995,1530,388
1.6451076000000002,1531,388
1.6461173999999996,1532,386
1.6471491,1533,388
1.6481580999999998,1534,388
1.6491755999999995,1535,385
1.6501833999999995,1536,386
1.6512243,1537,386
1.6530996,1538,388
1.654122,1539,385
1.6551270999999996,1540,386
1.6561763999999997,1541,386
1.6572164999999996,1542,387
1.6581855,1543,386
1.6600788,1544,388
1.6610908000000002,1545,388
1.6621144999999995,1546,386
1.6631451999999998,1547,386
1.6641580999999999,1548,388
1.6651745999999994,1549,387
1.6661843999999997,1550,386
1.6680779000000001,1551,386
1.6690904,1552,387
1.6701499000000002,1553,386
1.6711494,1554,386
1.6721373999999996,1555,386
1.6731736000000001,1556,386
1.6741842999999994,1557,387
1.6760782,1558,386
1.6770909999999999,1559,388
1.6781122000000002,1560,387
1.6791815999999997,1561,386
1.6801662999999998,1562,388
1.6811838999999997,1563,388
1.6822054,1564,386
1.6840906999999996,1565,386
1.6851002,1566,387
1.6861217999999996,1567,387
1.6871387000000002,1568,389
1.6881278000000002,1569,387
1.6891885000000002,1570,387
1.6902038,1571,388
1.6920700999999996,1572,388
1.6931054999999997,1573,386
1.6941208999999997,1574,387
1.6951580999999996,1575,386
1.6961541999999996,1576,386
1.6972410999999994,1577,388
1.6982049999999997,1578,386
1.7000742999999998,1579,387
1.7010895999999995,1580,387
1.7021132999999997,1581,389
1.7031522,1582,387
1.7041545999999999,1583,388
1.7051808,1584,388
1.7062039999999996,1585,388
1.7080748999999997,1586,388
1.7090904999999994,1587,387
1.7101917000000002,1588,387
1.7111450999999995,1589,388
1.7121585999999995,1590,386
1.7131743999999998,1591,388
1.7141946,1592,385
1.7160782,1593,388
1.7171038999999997,1594,386
1.7181131999999995,1595,386
1.7191532,1596,388
1.7201683999999995,1597,386
1.721183,1598,386
1.7222024999999999,1599,388
1.7240918999999995,1600,386
1.7251151,1601,387
1.7261227999999997,1602,386
1.7271419999999997,1603,386
1.7281683,1604,388
1.7291746999999997,1605,386
1.7301957999999997,1606,386
1.7320881999999997,1607,387
1.7331186999999995,1608,387
1.7341218999999999,1609,386
1.7351391999999999,1610,388
1.7361689,1611,387
1.7372261,1612,388
1.7381982999999996,1613,389
1.7400867,1614,388
1.7411140999999999,1615,388
1.7421238,1616,388
1.7432017999999996,1617,388
1.7441687999999997,1618,388
1.7451748999999994,1619,388
1.7461973999999998,1620,387
1.7480751999999997,1621,388
1.7491032999999998,1622,387
1.7501651000000003,1623,386
1.7511641999999998,1624,386
1.7521429,1625,387
1.7531849,1626,386
1.7542041,1627,386
1.7560696,1628,388
1.7571180000000002,1629,388
1.7581214999999997,1630,388
1.7591413999999999,1631,387
1.7601626999999995,1632,387
1.7611892999999998,1633,386
1.7622105999999995,1634,386
1.7640959999999994,1635,386
1.7651195,1636,385
1.7661334999999996,1637,385
1.7671390000000002,1638,386
1.7681398000000002,1639,386
1.7691891000000002,1640,388
1.7702035,1641,387
1.7720703000000002,1642,385
1.7731181999999999,1643,387
1.7741328999999997,1644,386
1.7751412000000002,1645,387
1.776161,1646,388
1.7772419,1647,387
1.7782003,1648,388
1.7800782000000002,1649,386
1.7811028999999996,1650,387
1.7821267999999995,1651,386
1.7831538999999994,1652,387
1.7841471999999996,1653,388
1.7851982,1654,389
1.7861950000000002,1655,388
1.7880779999999996,1656,388
1.7891028999999996,1657,388
1.7901711999999996,1658,388
1.7911565999999999,1659,387
1.7921750999999997,1660,387
1.7931948000000002,1661,386
1.7942029999999995,1662,386
1.7960690999999995,1663,386
1.7971180000000002,1664,388
1.7981333,1665,388
1.7991402999999995,1666,386
1.8001439000000001,1667,386
1.8011995,1668,386
1.8022038999999994,1669,386
1.8041066,1670,386
1.8051056999999995,1671,388
1.8061401999999998,1672,388
1.8071605999999996,1673,388
1.8081765,1674,388
1.8091954000000001,1675,387
1.8102026000000002,1676,387
1.8120886,1677,386
1.8131193999999997,1678,387
1.8141340000000001,1679,385
1.8151405999999994,1680,386
1.8161395999999996,1681,385
1.8172616999999995,1682,386
1.8182165000000001,1683,387
1.8201045999999996,1684,386
1.8211129000000001,1685,386
1.8221743999999997,1686,387
1.8231539999999997,1687,388
1.8241623000000002,1688,385
1.8252039999999994,1689,387
1.8262137999999997,1690,384
1.8280995999999998,1691,385
1.8291119999999994,1692,385
1.8301759999999998,1693,386
1.8311772,1694,386
1.8321338000000003,1695,386
1.8332008999999996,1696,387
1.834218,1697,388
1.8360911,1698,385
1.8371024,1699,386
1.8381521999999997,1700,385
1.8391671999999994,1701,386
1.8411594999999998,1702,386
1.8413066999999996,1703,386
1.8422101,1704,385
1.8441410999999999,1705,385
1.8451035999999998,1706,388
1.8461311,1707,386
1.8471494000000002,1708,385
1.8481348999999998,1709,385
1.8491976999999995,1710,386
1.8502187999999995,1711,386
1.8520908999999994,1712,389
1.8531003999999998,1713,386
1.8541651999999997,1714,388
1.8551678000000003,1715,388
1.8561736,1716,387
1.8572524999999995,1717,388
1.8582206000000001,1718,386
1.8601013000000002,1719,388
1.8611068,1720,386
1.8621439999999998,1721,388
1.8631634999999998,1722,386
1.8641500999999998,1723,386
1.8651841999999998,1724,386
1.8662251999999997,1725,387
1.8681146000000002,1726,388
1.8691399999999998,1727,386
1.8702458000000002,1728,387
1.8712001000000003,1729,386
1.8721812999999994,1730,387
1.8731850999999997,1731,386
1.8742241000000002,1732,385
1.8760905,1733,388
1.8771141,1734,386
1.8781428,1735,387
1.8791589999999996,1736,385
1.8801531999999996,1737,388
1.8811860999999999,1738,386
1.8822254999999997,1739,388
1.884125,1740,387
1.8851252,1741,389
1.8862018999999997,1742,386
1.8871684999999996,1743,388
1.8881904999999994,1744,388
1.8891991,1745,388
1.8902191999999998,1746,386
1.8920905000000001,1747,388
1.8931128,1748,386
1.8941425999999995,1749,386
1.8951574999999998,1750,386
1.8961521000000001,1751,388
1.8972354999999999,1752,388
1.898231,1753,388
1.9000917,1754,388
1.9011141999999994,1755,387
1.9021786,1756,388
1.9031681999999996,1757,388
1.9041898000000002,1758,388
1.9051923999999998,1759,386
1.9070694999999995,1760,387
1.9081057999999995,1761,387
1.9091209999999998,1762,388
1.9101476000000002,1763,386
1.9111874999999996,1764,386
1.9121489,1765,388
1.9131986999999997,1766,386
1.9150783000000002,1767,387
1.9160902999999996,1768,386
1.9171138999999995,1769,388
1.9181555000000001,1770,386
1.9191569,1771,387
1.9201746000000002,1772,386
1.9211833,1773,388
1.9230783000000002,1774,385
1.9241267999999998,1775,386
1.9251256999999997,1776,385
1.9261479999999995,1777,387
1.9271576000000001,1778,386
1.9281530999999994,1779,386
1.9291941000000001,1780,386
1.9310795999999995,1781,387
1.9320911,1782,386
1.9331122999999995,1783,386
1.9341637,1784,385
1.9351604999999994,1785,386
1.9361755999999994,1786,385
1.9381243000000001,1787,388
1.9390703,1788,388
1.9401057999999995,1789,386
1.9411236,1790,388
1.9421397999999996,1791,388
1.9431466999999998,1792,386
1.9441458999999996,1793,387
1.9452128000000002,1794,386
1.9470805000000002,1795,386
1.9480994999999997,1796,388
1.9491264,1797,387
1.9501492000000002,1798,386
1.9512022999999994,1799,387
1.9521803000000002,1800,385
1.9531972,1801,386
1.9550782,1802,387
1.9560904,1803,386
1.9571131,1804,386
1.9581542,1805,386
1.9591566999999994,1806,387
1.960152,1807,386
1.9611945999999998,1808,388
1.9630779,1809,386
1.9641807,1810,386
1.9651214999999995,1811,385
1.9661409,1812,387
1.9671477,1813,386
1.9681889999999997,1814,386
1.9692033000000002,1815,388
1.9710704999999997,1816,388
1.9721041000000001,1817,387
1.9731135000000002,1818,387
1.9741530999999997,1819,388
1.9751687999999996,1820,385
1.9761539,1821,388
1.9772473000000002,1822,386
1.9790742999999997,1823,386
1.9801072,1824,388
1.9811141,1825,386
1.9821535,1826,387
1.9831696999999995,1827,388
1.9841746000000002,1828,388
1.9851980999999999,1829,388
1.9870843999999996,1830,386
1.9881120999999995,1831,387
1.9891220999999994,1832,387
1.9901396999999994,1833,386
1.9912003,1834,385
1.9921651000000002,1835,387
1.9931938999999996,1836,385
1.9950780999999997,1837,385
1.9961085999999995,1838,387
1.9971132000000003,1839,385
1.9981548999999994,1840,384
1.9991696,1841,386
2.0001758,1842,387
2.0011957999999996,1843,385
2.0030843000000003,1844,385
2.0041665,1845,385
2.0051229,1846,385
2.0061392,1847,386
2.0071598,1848,386
2.0081466,1849,387
2.0092081999999998,1850,385
2.0110785999999994,1851,386
2.0121073999999997,1852,386
2.0131274,1853,386
2.0141400999999997,1854,386
2.0151591,1855,388
2.0161898000000003,1856,386
2.0172549999999996,1857,388
2.0190903000000002,1858,388
2.0201133999999996,1859,387
2.021135,1860,386
2.0221409999999995,1861,388
2.0231616,1862,386
2.0241587999999995,1863,387
2.0252105,1864,386
2.0270780999999998,1865,386
2.0281054999999997,1866,385
2.0291251,1867,384
2.0301545,1868,386
2.0312082,1869,385
2.0321917999999997,1870,388
2.0331973999999997,1871,388
2.0350782,1872,388
2.0361969999999996,1873,389
2.0371240999999998,1874,388
2.0381542999999995,1875,388
2.0391690999999996,1876,388
2.040165,1877,387
2.0411959,1878,386
2.0430817,1879,386
2.0441421,1880,386
2.0451537999999996,1881,388
2.0461567999999994,1882,386
2.0471759,1883,386
2.0482068,1884,386
2.0492061,1885,388
2.0510694000000003,1886,387
2.0521183,1887,387
2.0531346,1888,386
2.0541389,1889,386
2.0551595999999996,1890,387
2.0561913999999994,1891,385
2.0572048,1892,384
2.0591150000000003,1893,385
2.0601139999999996,1894,384
2.0611271999999996,1895,384
2.0621399,1896,384
2.0631589999999997,1897,386
2.0642015000000002,1898,387
2.0652042,1899,390
2.0670880999999994,1900,388
2.0681199999999995,1901,388
2.0691425,1902,389
2.0701606999999997,1903,388
2.0712665,1904,387
2.0721986,1905,388
2.0732068999999997,1906,386
2.0750979999999997,1907,386
2.0761101999999996,1908,388
2.0771276,1909,386
2.0781504999999996,1910,387
2.0791626,1911,386
2.0802007,1912,387
2.0812165999999994,1913,386
2.0830881999999997,1914,386
2.0841439,1915,386
2.0851654999999996,1916,387
2.0861542,1917,388
2.0871626,1918,385
2.0881646,1919,386
2.089226,1920,385
2.0911235,1921,386
2.0921176,1922,386
2.0931359,1923,388
2.0941536999999997,1924,387
2.095162,1925,389
2.096203,1926,387
2.0972159,1927,387
2.099101,1928,388
2.1001068,1929,388
2.1011268999999997,1930,389
2.1021666999999997,1931,389
2.1031696999999996,1932,388
2.1041646,1933,386
2.1052073,1934,386
2.107108,1935,386
2.1081180999999996,1936,386
2.1091347999999996,1937,385
2.1101554,1938,385
2.1112062,1939,386
2.112208,1940,386
2.1132229000000002,1941,387
2.1150880999999995,1942,388
2.1161315,1943,388
2.1171349,1944,385
2.1181558000000003,1945,388
2.1191614999999997,1946,387
2.1201593999999995,1947,387
2.1212216999999995,1948,386
2.1230933,1949,385
2.1241253999999996,1950,385
2.1251600999999996,1951,385
2.1261614,1952,386
2.1271742,1953,388
2.1282018000000003,1954,386
2.1292225999999994,1955,387
2.1311128999999998,1956,386
2.1321341999999994,1957,387
2.1331603999999995,1958,387
2.1341576999999994,1959,388
2.1351803999999994,1960,388
2.1361666999999995,1961,387
2.1372074999999997,1962,388
2.1391090999999998,1963,385
2.1401158000000002,1964,386
2.1411283,1965,386
2.1421585,1966,386
2.1431736,1967,387
2.1441866999999997,1968,386
2.1452077999999997,1969,388
2.1470991,1970,388
2.1481182,1971,388
2.1491309999999997,1972,387
2.1501637000000002,1973,388
2.1512465999999995,1974,388
2.1521871,1975,389
2.1540814,1976,388
2.1550936,1977,389
2.1561164,1978,388
2.1571248,1979,388
2.1581653999999997,1980,388
2.1591823999999997,1981,388
2.1601916999999995,1982,387
2.1620863999999997,1983,389
2.1630974,1984,388
2.1641205,1985,389
2.1651824,1986,388
2.1661704999999998,1987,388
2.1671907,1988,390
2.1686274,1989,389
2.1700874,1990,388
2.1710975,1991,387
2.1721154999999994,1992,386
2.1731371,1993,386
2.1741659,1994,386
2.1751825,1995,387
2.1761979,1996,386
2.1781315,1997,386
2.1790981,1998,388
2.1801189,1999,388
2.1811391999999996,2000,388
2.1821656000000003,2001,388
2.1831788999999997,2002,388
2.1842477999999996,2003,387
2.1860723999999996,2004,388
2.1870889999999994,2005,386
2.1881302,2006,385
2.1891441,2007,388
2.1901520999999997,2008,385
2.1912287,2009,385
2.1922166999999995,2010,386
2.1940825999999998,2011,386
2.1950988000000002,2012,387
2.1961154999999994,2013,386
2.1971365,2014,388
2.1981747999999994,2015,388
2.1991842999999998,2016,388
2.2002664999999997,2017,388
2.2020826,2018,387
2.2031013,2019,386
2.2041237999999996,2020,386
2.2052103999999995,2021,387
2.2061614999999994,2022,387
2.2071851000000002,2023,386
2.2082071999999995,2024,387
2.2100785,2025,386
2.211111,2026,388
2.2121172,2027,386
2.2131387,2028,386
2.2141463999999997,2029,387
2.2151899999999998,2030,388
2.2163008,2031,387
2.2181236999999996,2032,388
2.2191276999999996,2033,387
2.2201291999999997,2034,386
2.2211502999999997,2035,389
2.2221694999999997,2036,386
2.2231750999999997,2037,386
2.2241969,2038,386
2.2260780999999996,2039,386
2.2271037,2040,387
2.2281129999999996,2041,385
2.2291542,2042,386
2.2311198,2043,386
2.2313206999999995,2044,388
2.2322761,2045,386
2.2340805999999995,2046,388
2.2351041999999994,2047,385
2.2361129999999996,2048,386
2.2371546,2049,388
2.2381699,2050,388
2.2391750999999998,2051,386
2.2401976999999995,2052,386
2.2420845,2053,388
2.2431127,2054,388
2.244122,2055,385
2.2451825999999997,2056,386
2.2461769,2057,387
2.2471838,2058,388
2.2482343999999994,2059,386
2.2500875999999996,2060,386
2.2511193,2061,387
2.2521217,2062,387
2.253139,2063,388
2.2541613,2064,388
2.2551995,2065,387
2.2562042999999994,2066,388
2.2580849999999995,2067,388
2.2591383,2068,388
2.2601312999999994,2069,387
2.2611504999999994,2070,387
2.2621697999999997,2071,388
2.2631740999999996,2072,388
2.2642211999999997,2073,386
2.2660753,2074,387
2.2671051999999996,2075,386
2.2681322999999995,2076,386
2.2691391999999997,2077,386
2.2701605999999996,2078,387
2.2712041999999997,2079,389
2.2722549,2080,388
2.2740719,2081,386
2.2751187999999996,2082,387
2.276135,2083,388
2.2771390999999994,2084,387
2.2781608,2085,388
2.2792781,2086,387
2.2802083,2087,388
2.2820786999999996,2088,386
2.2831037,2089,389
2.2841313999999997,2090,388
2.2851996999999997,2091,388
2.2861703999999996,2092,386
2.2871873000000003,2093,388
2.2882038,2094,386
2.2900694,2095,386
2.2911190999999995,2096,386
2.2921343,2097,388
2.2931386,2098,386
2.2941592,2099,387
2.2952059,2100,387
2.2961953,2101,386
2.2980827999999995,2102,386
2.2991269999999995,2103,388
2.3001382,2104,386
2.3011502999999998,2105,388
2.3021703000000002,2106,387
2.3031878,2107,386
2.3041964999999998,2108,386
2.3060976,2109,388
2.3071032000000002,2110,387
2.3081246,2111,387
2.3091545999999994,2112,388
2.3101877999999996,2113,388
2.3111992,2114,388
2.3122249999999998,2115,387
2.3140983999999998,2116,388
2.3151038999999995,2117,387
2.3161262000000002,2118,387
2.3171673999999998,2119,388
2.3181681999999997,2120,388
2.3191867999999998,2121,389
2.3201972,2122,387
2.3220975,2123,388
2.3231031,2124,389
2.3241252,2125,389
2.3252356999999995,2126,388
2.3261757999999997,2127,387
2.3271967999999994,2128,386
2.3292193,2129,388
2.3301038,2130,388
2.3311130999999996,2131,387
2.3321334999999994,2132,388
2.333151,2133,388
2.3341616,2134,385
2.3351998,2135,387
2.3362173999999998,2136,388
2.3380928,2137,386
2.3391291,2138,386
2.3401353999999994,2139,389
2.3411530000000003,2140,388
2.3421654,2141,388
2.3431872999999994,2142,386
2.3441849,2143,387
2.3460979,2144,386
2.3471034,2145,386
2.3481252,2146,388
2.3491663000000003,2147,388
2.350169,2148,389
2.3511865,2149,388
2.3522488,2150,386
2.3541049999999997,2151,387
2.3551243,2152,388
2.3561373999999997,2153,388
2.3571622999999997,2154,388
2.3581689,2155,386
2.3591869999999995,2156,386
2.3601862000000002,2157,388
2.3621052999999996,2158,388
2.3631247,2159,386
2.3641356,2160,388
2.3651839,2161,386
2.3661934999999996,2162,389
2.3671946999999998,2163,388
2.3682156999999995,2164,387
2.3700887,2165,386
2.3711313,2166,387
2.3721349,2167,387
2.3731618,2168,388
2.3741753,2169,388
2.3752005999999994,2170,388
2.3762143,2171,386
2.3780979,2172,387
2.3791583999999997,2173,386
2.3801438,2174,386
2.3811609000000002,2175,388
2.3821839999999996,2176,388
2.3831878,2177,388
2.3842248,2178,387
2.3860979,2179,388
2.3871158,2180,387
2.3881324,2181,388
2.3891565999999997,2182,387
2.3901760999999997,2183,388
2.3911887,2184,388
2.3922999000000003,2185,387
2.3941007999999995,2186,388
2.395117,2187,386
2.3961321,2188,387
2.3971510999999994,2189,385
2.3981715,2190,388
2.3992002999999995,2191,388
2.4010716,2192,388
2.4020894999999998,2193,388
2.4031301999999997,2194,387
2.4041411999999998,2195,386
2.4052144,2196,386
2.4062003999999995,2197,388
2.407189,2198,388
2.4090814,2199,388
2.4100975999999994,2200,386
2.4111152000000002,2201,388
2.4121426,2202,386
2.4131498999999996,2203,388
2.4141692,2204,388
2.4152097,2205,387
2.4170808,2206,386
2.4180976999999997,2207,387
2.4191893,2208,386
2.4201523,2209,386
2.421162,2210,387
2.4221833999999998,2211,388
2.4231986999999995,2212,388
2.4250809,2213,388
2.4261578999999998,2214,388
2.4271152000000003,2215,388
2.4281468999999998,2216,388
2.4291507,2217,385
2.4301724999999994,2218,385
2.4312129999999996,2219,387
2.4330948,2220,388
2.4341038,2221,386
2.4351274,2222,388
2.4361466,2223,386
2.4371504999999996,2224,388
2.4381733,2225,388
2.4392126999999997,2226,387
2.4410717,2227,388
2.4420899,2228,385
2.4431307,2229,386
2.4441469,2230,386
2.4452391,2231,388
2.4461959999999996,2232,387
2.4472096,2233,388
2.4490720999999995,2234,388
2.4501016,2235,386
2.4511329999999996,2236,388
2.4521556999999996,2237,388
2.4531609999999997,2238,386
2.4541815,2239,386
2.4551989,2240,386
2.4570874,2241,387
2.4581111999999994,2242,386
2.4591583999999997,2243,387
2.4601509999999998,2244,386
2.4611640999999995,2245,388
2.4621744999999997,2246,387
2.4632134,2247,384
2.465072,2248,385
2.4661013,2249,386
2.4671326999999996,2250,388
2.4681476999999994,2251,387
2.4691623,2252,388
2.4701715,2253,388
2.4712119,2254,388
2.4730852,2255,388
2.4741032,2256,388
2.4751303999999994,2257,387
2.4761482,2258,388
2.4771643,2259,387
2.478173,2260,387
2.4792135999999996,2261,386
2.4810717,2262,387
2.4821028,2263,388
2.4831414,2264,386
2.4842354999999996,2265,387
2.4852289999999995,2266,386
2.4862269999999995,2267,388
2.4872021999999996,2268,388
2.4890817,2269,385
2.4901099,2270,386
2.4911157,2271,387
2.4921438,2272,386
2.4931615000000003,2273,386
2.4941698,2274,388
2.4952119999999995,2275,386
2.497072,2276,386
2.4981012,2277,386
2.4992146999999996,2278,386
2.5001476999999994,2279,388
2.5011649,2280,386
2.5021739,2281,386
2.5032135999999996,2282,388
2.5050692999999997,2283,388
2.5061165999999995,2284,388
2.5071364000000003,2285,386
2.5081457,2286,386
2.5091630999999994,2287,386
2.5101848,2288,385
2.5112121,2289,387
2.5131084999999995,2290,386
2.5141175000000002,2291,385
2.5151848,2292,385
2.5161865,2293,386
2.5172647999999995,2294,385
2.5182158,2295,386
2.5192331999999995,2296,386
2.5210926000000002,2297,387
2.5221206999999994,2298,388
2.5241131,2299,385
2.5242604999999996,2300,386
2.5251633,2301,387
2.5262516,2302,388
2.5272192,2303,388
2.5290815999999996,2304,386
2.5301174,2305,388
2.5311367000000002,2306,387
2.5321476,2307,387
2.5331624999999995,2308,386
2.5341879999999994,2309,386
2.5352113999999997,2310,386
2.5370806999999997,2311,387
2.5381123,2312,388
2.5392029999999997,2313,387
2.5401491,2314,387
2.5411649999999995,2315,384
2.5421892,2316,386
2.5431976999999995,2317,387
2.545091,2318,385
2.5461126,2319,385
2.5471310999999996,2320,387
2.5481514999999995,2321,387
2.5491732000000003,2322,386
2.5502018,2323,385
2.5512258,2324,387
2.5531552,2325,388
2.5541187999999995,2326,388
2.5551310999999997,2327,386
2.556159,2328,386
2.5571848,2329,387
2.5581989,2330,386
2.5592119,2331,386
2.5611017,2332,387
2.5621161,2333,387
2.5631364999999997,2334,385
2.5641765999999997,2335,386
2.5651737,2336,387
2.5662412999999997,2337,386
2.5672394999999995,2338,387
2.5691036999999994,2339,388
2.5701146,2340,386
2.5711398,2341,388
2.5721621,2342,388
2.5731750999999994,2343,387
2.5741964,2344,386
2.5752201,2345,386
2.5771428,2346,386
2.5781297,2347,386
2.5791838999999994,2348,386
2.5801996000000003,2349,388
2.5811924,2350,388
2.5822043,2351,388
2.5832207,2352,387
2.5851004,2353,385
2.5861127,2354,387
2.5871369,2355,385
2.5881609999999995,2356,386
2.5891731999999994,2357,385
2.5901954,2358,385
2.5912108,2359,384
2.5932627999999998,2360,387
2.5941421999999994,2361,386
2.5951455,2362,386
2.5961619999999996,2363,387
2.5971754000000002,2364,387
2.5982278999999995,2365,386
2.5992287999999997,2366,386
2.6010921,2367,386
2.6021162,2368,386
2.6031271,2369,388
2.604158,2370,386
2.6051833999999996,2371,388
2.6062908999999994,2372,388
2.6072185999999995,2373,386
2.6091111,2374,385
2.6101276999999996,2375,386
2.6111385999999994,2376,387
2.6121603,2377,387
2.6131832,2378,386
2.6141971999999996,2379,387
2.6152201999999996,2380,387
2.6170909,2381,386
2.6181228,2382,384
2.6191886999999996,2383,386
2.6201881999999994,2384,386
2.6212111,2385,387
2.6221961,2386,386
2.6232122999999996,2387,384
2.6251029,2388,386
2.6261238999999996,2389,385
2.6271293999999994,2390,385
2.6281536,2391,388
2.6291782999999995,2392,388
2.6301911999999996,2393,386
2.6312089,2394,388
2.6331438999999994,2395,386
2.6341227,2396,387
2.6351296,2397,387
2.6361514,2398,388
2.6371744999999995,2399,386
2.638191,2400,388
2.6400721999999996,2401,387
2.6411046000000002,2402,385
2.6421690999999994,2403,388
2.6431483,2404,385
2.6441641000000002,2405,386
2.6451851,2406,386
2.6463507999999996,2407,385
2.6480616,2408,386
2.6490913000000003,2409,387
2.6501203,2410,386
2.6511404,2411,385
2.6521508000000003,2412,384
2.6531852999999996,2413,387
2.6541917,2414,387
2.6560736,2415,387
2.6571277999999996,2416,388
2.6581390000000003,2417,385
2.6592012999999994,2418,387
2.6602157,2419,385
2.6611972,2420,388
2.6622136999999997,2421,386
2.6640588999999997,2422,387
2.6650912,2423,387
2.6661200999999997,2424,386
2.6671395999999996,2425,387
2.6681501999999995,2426,386
2.6691749,2427,387
2.670204,2428,386
2.6720729,2429,386
2.6731895999999997,2430,384
2.6741618000000003,2431,387
2.6751613,2432,385
2.6761671,2433,387
2.6771909000000003,2434,385
2.6782065,2435,386
2.6800505,2436,387
2.6811067,2437,388
2.6821232999999998,2438,386
2.6831379999999996,2439,388
2.6841508999999997,2440,387
2.6851735999999997,2441,387
2.6863364,2442,384
2.6880920999999995,2443,387
2.689178,2444,387
2.6901826,2445,385
2.6911863999999994,2446,386
2.6921928,2447,386
2.6932086,2448,386
2.6942291999999997,2449,386
2.6960607999999997,2450,385
2.6971266,2451,385
2.698131,2452,384
2.6992092999999997,2453,385
2.7002245,2454,386
2.7011801,2455,387
2.7022040999999994,2456,386
2.7040724000000003,2457,386
2.7051248999999995,2458,388
2.7061271,2459,388
2.707141,2460,388
2.7081657999999997,2461,387
2.7091731999999995,2462,388
2.7102015999999995,2463,387
2.7120504,2464,385
2.713203,2465,387
2.7141338,2466,386
2.7151521,2467,386
2.7161725,2468,388
2.7171833999999997,2469,386
2.7191514999999997,2470,386
2.7200729,2471,388
2.7211114,2472,388
2.7221231999999995,2473,387
2.7231401999999996,2474,389
2.7241650999999996,2475,387
2.7251734999999995,2476,387
2.7263164,2477,390
2.7280581999999995,2478,388
2.7291054,2479,388
2.7301199,2480,388
2.7311392999999997,2481,386
2.7321631,2482,389
2.733173,2483,386
2.7342021999999995,2484,385
2.7360729,2485,387
2.7371422,2486,386
2.7381531,2487,386
2.7391559999999995,2488,386
2.7402854999999997,2489,385
2.7412121999999997,2490,385
2.7422155999999998,2491,387
2.7440508999999995,2492,387
2.7451048999999994,2493,387
2.7461332,2494,386
2.7471403,2495,386
2.7481638999999998,2496,385
2.7491864999999995,2497,387
2.7501983999999995,2498,386
2.7520726,2499,385
2.7531967,2500,388
2.7541611999999995,2501,387
2.7551569999999996,2502,385
2.7561805999999995,2503,387
2.7572016,2504,386
2.7582059,2505,386
2.7600507,2506,388
2.7611197,2507,387
2.762136,2508,387
2.7631398000000003,2509,388
2.7641628999999996,2510,388
2.7651855999999997,2511,386
2.7662807999999997,2512,386
2.7680936000000003,2513,387
2.7691339,2514,387
2.7701484999999995,2515,386
2.7711555,2516,387
2.7721751999999995,2517,389
2.7731968,2518,388
2.7742081999999995,2519,386
2.7760590999999994,2520,386
2.7771035,2521,388
2.7781278999999994,2522,386
2.7791388999999995,2523,385
2.7802606,2524,386
2.7812118999999997,2525,388
2.7822163,2526,386
2.7841006999999998,2527,386
2.7851212,2528,387
2.7861367,2529,388
2.7871486999999995,2530,387
2.7881735,2531,386
2.7891952,2532,386
2.790208,2533,386
2.7920793,2534,388
2.7931793999999996,2535,386
2.7941632,2536,388
2.7951511999999994,2537,387
2.7961606999999997,2538,385
2.7971869,2539,386
2.7981976,2540,386
2.8000919,2541,387
2.8011102,2542,387
2.8021294,2543,385
2.8031518999999996,2544,388
2.8041627,2545,388
2.8051851,2546,388
2.8062619,2547,388
2.8080704999999995,2548,386
2.809119,2549,386
2.8101370999999995,2550,388
2.8111601999999998,2551,387
2.8121738,2552,387
2.8131950999999997,2553,386
2.8142198999999994,2554,386
2.816114,2555,388
2.8171307,2556,386
2.8181450999999997,2557,388
2.8191680999999997,2558,388
2.8203476,2559,386
2.8212063999999994,2560,387
2.8222251,2561,386
2.8240783999999994,2562,385
2.8251042,2563,384
2.8261279999999998,2564,385
2.827152,2565,386
2.8281631000000003,2566,387
2.8291867999999996,2567,388
2.8302094,2568,387
2.8321053999999997,2569,387
2.8331865,2570,386
2.8341582,2571,387
2.8351688,2572,387
2.8361843,2573,386
2.8371986,2574,388
2.8382194,2575,387
2.8400781999999998,2576,386
2.8411169999999997,2577,386
2.8421294,2578,386
2.8431505,2579,386
2.8441738,2580,386
2.8452010999999997,2581,384
2.8462197,2582,384
2.8481173,2583,385
2.8491330999999995,2584,387
2.8501423,2585,384
2.8511603,2586,385
2.8521827,2587,386
2.8531956999999997,2588,388
2.8542204,2589,386
2.8560786,2590,388
2.8571165999999995,2591,388
2.8581278999999995,2592,388
2.8591521,2593,386
2.8602581999999996,2594,385
2.8612035000000002,2595,386
2.8622121,2596,388
2.8640941,2597,387
2.8651161,2598,386
2.8661291,2599,386
2.867152,2600,387
2.8681748000000002,2601,388
2.8691864999999996,2602,386
2.8702074,2603,387
2.8720704999999995,2604,385
2.8731451999999997,2605,386
2.8741548999999997,2606,388
2.8751619,2607,385
2.8761848,2608,386
2.8771955999999994,2609,386
2.8790835999999995,2610,388
2.8801008,2611,385
2.8811257,2612,387
2.8821379,2613,387
2.8831606999999995,2614,386
2.8841836,2615,385
2.8851959999999996,2616,387
2.8871265,2617,385
2.8880710999999994,2618,387
2.889118,2619,386
2.8901405000000002,2620,386
2.8911521999999996,2621,387
2.8921763,2622,388
2.8931978999999997,2623,387
2.8950759999999995,2624,387
2.8960936999999998,2625,389
2.8971183,2626,388
2.8981455999999994,2627,388
2.8991577,2628,388
2.9002751999999994,2629,386
2.9012215,2630,388
2.9030816,2631,388
2.9040782,2632,388
2.9051161,2633,388
2.9061402999999997,2634,386
2.9071511,2635,388
2.9081871999999995,2636,388
2.9092126999999994,2637,388
2.9110737,2638,386
2.9120923999999997,2639,387
2.913143,2640,385
2.9142317,2641,385
2.9151637,2642,386
2.9161849,2643,385
2.9172076999999996,2644,386
2.9190813999999996,2645,385
2.9200779,2646,385
2.9211143999999996,2647,385
2.9221461,2648,387
2.923153,2649,386
2.924174,2650,388
2.925254,2651,388
2.927098,2652,386
2.9281163999999995,2653,388
2.9291304,2654,388
2.930149,2655,386
2.9311533999999995,2656,387
2.932174,2657,386
2.9331967,2658,386
2.9350724,2659,388
2.9360824,2660,388
2.9371167,2661,386
2.9381427,2662,385
2.9391609999999995,2663,386
2.9402182999999997,2664,387
2.9412485999999998,2665,385
2.9430799,2666,388
2.9441048,2667,386
2.9451320999999995,2668,386
2.9461519999999997,2669,386
2.9471726,2670,386
2.9481852999999996,2671,386
2.9492068,2672,388
2.9510838,2673,387
2.9520894,2674,387
2.9531155,2675,386
2.9542284,2676,388
2.9551855,2677,386
2.9561845999999994,2678,388
2.9572329999999996,2679,386
2.9590818,2680,386
2.9601138999999996,2681,386
2.961137,2682,388
2.9621518999999994,2683,387
2.9631729,2684,386
2.9641845,2685,385
2.9652062,2686,386
2.9671062,2687,387
2.9680884,2688,388
2.9691317,2689,386
2.9701487999999996,2690,388
2.9711742,2691,387
2.9721833999999996,2692,386
2.9733247,2693,388
2.9750825,2694,386
2.9761138000000003,2695,386
2.9771351,2696,388
2.9781435,2697,388
2.9791622999999996,2698,388
2.9802305000000002,2699,387
2.9812243,2700,388
2.9830740999999996,2701,387
2.9840773999999994,2702,388
2.9851418,2703,388
2.9861478999999997,2704,387
2.9872045,2705,388
2.9882682999999997,2706,387
2.9892167999999995,2707,386
2.9910739,2708,388
2.9921048,2709,388
2.9931276,2710,386
2.9942018,2711,387
2.9951672999999994,2712,389
2.9961864999999994,2713,385
2.9971961,2714,388
2.9990807999999998,2715,385
3.0000828999999998,2716,386
3.0011292999999997,2717,386
3.0021537999999994,2718,386
3.0032575999999995,2719,385
3.0042036999999997,2720,386
3.0052056999999994,2721,387
3.0071116999999994,2722,385
3.0081315999999996,2723,388
3.0091278,2724,388
3.0101512,2725,386
3.0121731999999994,2726,387
3.0123198999999996,2727,388
3.0132120000000002,2728,388
3.0150718999999997,2729,388
3.0160826,2730,388
3.017125,2731,388
3.0181793,2732,388
3.0191729,2733,387
3.0202460999999996,2734,388
3.0212408,2735,386
3.0230938,2736,385
3.0241051,2737,388
3.0251260999999996,2738,387
3.0261540999999994,2739,387
3.0271725,2740,387
3.0281947999999996,2741,387
3.0292060999999997,2742,387
3.0310924999999997,2743,386
3.0320830999999995,2744,389
3.0331266,2745,386
3.0343339,2746,388
3.0351863999999997,2747,388
3.0362042999999996,2748,386
3.0372152999999997,2749,388
3.0391000999999997,2750,387
3.0401051,2751,386
3.0411291999999994,2752,385
3.0421557999999997,2753,387
3.0431625999999996,2754,386
3.0441857,2755,386
3.0452104,2756,386
3.0471283,2757,386
3.0481108,2758,388
3.0491434,2759,387
3.0501908999999996,2760,386
3.0511660999999997,2761,386
3.0521868999999997,2762,386
3.0532044999999997,2763,385
3.0551002,2764,387
3.0561133,2765,386
3.0571358999999996,2766,385
3.0581604999999996,2767,388
3.0591625999999996,2768,387
3.0601867,2769,387
3.0612626999999994,2770,388
3.0631033,2771,388
3.0640833,2772,387
3.0651696,2773,385
3.0661585000000002,2774,386
3.0671619999999997,2775,386
3.0681855999999996,2776,385
3.0692069,2777,385
3.0711017,2778,386
3.0721257,2779,388
3.0731348999999994,2780,388
3.0742601999999994,2781,387
3.075189,2782,388
3.0762041,2783,388
3.0772176,2784,386
3.0790887,2785,387
3.0800884999999996,2786,387
3.0811484999999994,2787,388
3.0821677999999997,2788,387
3.0831831999999997,2789,389
3.0841946999999994,2790,388
3.0852182,2791,387
3.0871081999999994,2792,388
3.0881384999999995,2793,388
3.0891269,2794,386
3.0901688,2795,388
3.0911856,2796,388
3.0921950999999996,2797,387
3.0932172,2798,388
3.0950891999999994,2799,387
3.0960889,2800,387
3.0971813,2801,388
3.0981638,2802,386
3.099176,2803,386
3.1001876,2804,386
3.1012746,2805,388
3.1031024,2806,388
3.1041172,2807,386
3.1051275,2808,388
3.1061673,2809,386
3.1071836,2810,388
3.1091112,2811,386
3.1092563999999996,2812,386
3.1110907999999995,2813,386
3.1120995999999996,2814,385
3.1131256999999994,2815,385
3.1142487999999995,2816,387
3.1151868999999994,2817,388
3.1161877999999996,2818,388
3.1180868999999998,2819,387
3.1191015,2820,386
3.1201252999999998,2821,386
3.1211468,2822,386
3.1221569999999996,2823,386
3.1231757,2824,387
3.1241858999999996,2825,386
3.1260864,2826,386
3.1271033,2827,388
3.1281517,2828,387
3.1291703999999996,2829,386
3.1301914,2830,387
3.1312001999999994,2831,385
3.1322178999999997,2832,386
3.1340804999999996,2833,388
3.1350913,2834,387
3.1361171,2835,387
3.1371367,2836,385
3.138167,2837,388
3.139183,2838,388
3.1402073999999995,2839,386
3.1420988999999997,2840,388
3.1431120999999997,2841,387
3.1441036999999996,2842,387
3.1451374999999997,2843,388
3.1461645000000003,2844,386
3.1471839,2845,388
3.1482076999999995,2846,387
3.1500765,2847,386
3.1510888999999995,2848,388
3.1521330999999995,2849,387
3.1531519,2850,386
3.1542398999999994,2851,388
3.1552052999999995,2852,386
3.1562009,2853,386
3.1580807999999996,2854,386
3.1590979,2855,384
3.1600966,2856,385
3.1611373999999994,2857,387
3.1621705999999996,2858,386
3.1631867,2859,385
3.1642066,2860,387
3.1660772,2861,388
3.167102,2862,386
3.1681749999999997,2863,386
3.1691401,2864,386
3.170166,2865,388
3.1711833,2866,388
3.1721997,2867,387
3.1740869,2868,385
3.1751176999999995,2869,386
3.1761042999999995,2870,387
3.1771385,2871,386
3.1781781000000002,2872,384
3.1791839,2873,385
3.1802066999999994,2874,387
3.1820864999999996,2875,386
3.1831062999999995,2876,385
3.1841317999999994,2877,387
3.1851534,2878,388
3.1861714,2879,387
3.1871751,2880,385
3.1881978,2881,385
3.1900861000000003,2882,386
3.1911170999999996,2883,385
3.1921045999999995,2884,385
3.1931385,2885,386
3.1942421999999997,2886,386
3.1952131,2887,385
3.1962003,2888,388
3.1980863,2889,386
3.199115,2890,386
3.2001241,2891,386
3.2011474,2892,386
3.2021695,2893,386
3.2031773999999995,2894,385
3.2041991999999997,2895,386
3.2060867999999996,2896,384
3.2072092999999997,2897,386
3.2081415,2898,386
3.2091497999999996,2899,386
3.2101682,2900,388
3.2111732,2901,385
3.2122123,2902,386
3.2140766999999997,2903,387
3.2151042,2904,385
3.2161289,2905,385
3.2171376999999994,2906,386
3.2181773,2907,387
3.2191820999999994,2908,385
3.2202060999999995,2909,388
3.2221003,2910,387
3.2231229,2911,384
3.2241023999999996,2912,385
3.2251534,2913,387
3.2261704999999994,2914,388
3.2271875999999997,2915,388
3.2281991999999997,2916,387
3.2300857999999995,2917,386
3.2311138,2918,388
3.2321377,2919,386
3.2331464,2920,388
3.2342055,2921,388
3.2352345,2922,388
3.2362154,2923,387
3.2380867999999996,2924,387
3.2391124,2925,388
3.2401067,2926,387
3.2411388,2927,385
3.2421784999999996,2928,388
3.2431950999999994,2929,388
3.2442056,2930,386
3.2460769000000003,2931,386
3.2471040999999996,2932,386
3.2481777999999997,2933,388
3.2491622,2934,388
3.2501742,2935,386
3.2511887999999995,2936,386
3.2522019999999996,2937,388
3.2540867,2938,387
3.2551125999999995,2939,384
3.2561064999999996,2940,386
3.2571455,2941,385
3.2581686999999997,2942,386
3.2591862999999996,2943,386
3.2601975999999997,2944,387
3.2621285999999996,2945,385
3.2631154999999996,2946,385
3.2641384999999996,2947,386
3.2651484,2948,385
3.2661714,2949,386
3.2671916999999997,2950,387
3.2681974999999994,2951,388
3.2701053,2952,388
3.2711129999999997,2953,387
3.2721156999999996,2954,387
3.2731494999999997,2955,387
3.2742807000000003,2956,384
3.2752324,2957,388
3.2762139,2958,387
3.2781062,2959,386
3.2791144,2960,385
3.2801365999999996,2961,386
3.2811585,2962,388
3.2821682999999995,2963,387
3.2831946,2964,386
3.2842123999999995,2965,387
3.2861053999999994,2966,387
3.2871138999999996,2967,388
3.2882004999999994,2968,388
3.2891721999999994,2969,385
3.2901961,2970,386
3.2911982999999996,2971,387
3.2922181999999998,2972,386
3.2940958999999994,2973,387
3.2951036,2974,387
3.2961311,2975,384
3.2971519000000002,2976,386
3.2982540999999994,2977,386
3.2991972,2978,385
3.3002202999999994,2979,386
3.3021205999999994,2980,388
3.3031182,2981,387
3.3041402,2982,386
3.3051487,2983,386
3.3061767,2984,387
3.3071922000000002,2985,386
3.3082431999999997,2986,387
3.3101008,2987,385
3.3111205999999997,2988,386
3.3121342999999994,2989,386
3.3131569999999995,2990,388
3.3143206999999997,2991,386
3.3152660999999997,2992,389
3.3162316,2993,388
3.3181008,2994,388
3.3191274999999996,2995,388
3.3201164,2996,387
3.3211480999999994,2997,388
3.3221909,2998,387
3.3231968,2999,388
3.3242193,3000,388
3.3260994999999998,3001,388
3.3271150999999994,3002,388
3.3282241,3003,388
3.3292637999999997,3004,386
3.3301912,3005,385
3.331213,3006,385
3.332223,3007,388
3.334099,3008,388
3.3351165,3009,388
3.3361042999999997,3010,388
3.3371664,3011,388
3.3381806999999997,3012,386
3.3391859999999998,3013,387
3.3402079000000002,3014,388
3.3421393999999998,3015,387
3.3431195000000002,3016,387
3.3441275,3017,386
3.3451937999999997,3018,386
3.3461936999999997,3019,386
3.3472029999999995,3020,386
3.3482247999999997,3021,386
3.3500996999999995,3022,386
3.3511172,3023,388
3.3521064999999997,3024,387
3.3531522000000002,3025,388
3.3541793999999996,3026,386
3.3552326,3027,386
3.3570892,3028,388
3.3581002,3029,386
3.3591169999999995,3030,386
3.3601577000000002,3031,387
3.361154,3032,387
3.3621789,3033,386
3.3631852,3034,388
3.3650727,3035,388
3.3660962999999997,3036,387
3.3671163999999996,3037,387
3.3681478999999994,3038,386
3.3691620999999996,3039,386
3.3701814,3040,386
3.3712007999999996,3041,385
3.3730724,3042,386
3.3740958999999995,3043,386
3.3751162,3044,386
3.3761886,3045,385
3.3771546,3046,387
3.3781860999999997,3047,386
3.3791997,3048,385
3.3810729999999998,3049,387
3.3821294999999996,3050,388
3.3831258,3051,386
3.3841265,3052,389
3.3851506000000002,3053,388
3.3861745,3054,386
3.3871984,3055,387
3.3890725,3056,388
3.3900920999999995,3057,388
3.3911175,3058,388
3.3921564,3059,386
3.3931559999999994,3060,386
3.3941764999999995,3061,388
3.3952367,3062,386
3.3970833000000002,3063,387
3.3981002999999994,3064,388
3.3991169,3065,388
3.4001187999999996,3066,388
3.4021093000000002,3067,386
3.4022566999999997,3068,388
3.4031956,3069,385
3.4050722999999996,3070,386
3.4061084,3071,386
3.4071156999999994,3072,386
3.4082121,3073,388
3.4091955999999994,3074,388
3.4101926999999996,3075,387
3.4112003,3076,386
3.4130725,3077,388
3.414109,3078,387
3.4151169999999995,3079,386
3.4161190999999995,3080,386
3.4171639000000003,3081,388
3.4181798,3082,386
3.4191981999999994,3083,388
3.4210728,3084,388
3.4221515,3085,386
3.4231290999999997,3086,386
3.424162,3087,386
3.4251765,3088,388
3.4261833,3089,387
3.4271991999999996,3090,389
3.4290722999999996,3091,387
3.4301085000000002,3092,387
3.4311171,3093,387
3.4321184999999996,3094,386
3.4331631,3095,387
3.4341790999999997,3096,389
3.4352523999999995,3097,388
3.4370728,3098,388
3.4381085999999996,3099,388
3.4391171,3100,388
3.4401548,3101,388
3.4411667999999995,3102,385
3.4421795,3103,387
3.4431988000000002,3104,386
3.4450722999999996,3105,388
3.4461082999999997,3106,388
3.4471159999999994,3107,386
3.4481671999999994,3108,387
3.4491880999999998,3109,386
3.4501916999999995,3110,386
3.4512013999999995,3111,386
3.4530727,3112,387
3.4541107,3113,386
3.4551327,3114,386
3.4561450000000002,3115,387
3.4571633999999998,3116,386
3.4581824,3117,388
3.4592016,3118,386
3.4610728999999996,3119,387
3.4621544999999996,3120,389
3.4631473,3121,388
3.4641301,3122,389
3.4651647,3123,388
3.4661961999999997,3124,388
3.4672007000000002,3125,387
3.4690725999999996,3126,387
3.4701125,3127,386
3.4711312999999997,3128,387
3.472142,3129,389
3.4731638,3130,386
3.4741919,3131,386
3.475245,3132,388
3.4770833999999997,3133,386
3.4781132,3134,386
3.4791293999999997,3135,388
3.4801187999999996,3136,387
3.4811644,3137,386
3.4821929999999996,3138,386
3.483198,3139,388
3.4850722999999997,3140,387
3.4861196999999997,3141,387
3.4871289999999995,3142,388
3.4881906000000003,3143,388
3.4892088,3144,386
3.4901938999999995,3145,386
3.491199,3146,386
3.4930918999999996,3147,385
3.4941091999999996,3148,385
3.4951279,3149,388
3.4961183999999994,3150,387
3.4971623999999997,3151,385
3.4981900999999995,3152,387
3.4991961,3153,385
3.5010937,3154,385
3.5021525000000002,3155,385
3.5031416,3156,386
3.5041621999999997,3157,386
3.5051712999999998,3158,386
3.5061954,3159,385
3.5071984,3160,387
3.5090914,3161,386
3.5101097,3162,385
3.5111283,3163,386
3.5121307999999996,3164,388
3.5131629999999996,3165,388
3.5141910999999997,3166,387
3.5153457999999995,3167,388
3.5170981,3168,388
3.5181107000000003,3169,388
3.5191293999999997,3170,388
3.5201528,3171,387
3.5211641,3172,386
3.5221919999999995,3173,386
3.5232102999999997,3174,388
3.5250912999999997,3175,386
3.5261087,3176,386
3.5271283999999996,3177,386
3.5281304999999996,3178,388
3.5292031999999995,3179,387
3.5301985,3180,386
3.5312124999999996,3181,386
3.5330968,3182,386
3.5341110999999996,3183,386
3.5351288,3184,388
3.5361541,3185,386
3.5371622,3186,387
3.5382013,3187,386
3.539218,3188,388
3.5410981999999995,3189,386
3.5421839999999998,3190,386
3.5431475,3191,388
3.5441256999999995,3192,386
3.5451762,3193,387
3.5461963,3194,386
3.5472108999999996,3195,388
3.5490965,3196,386
3.5501214,3197,386
3.5511295999999994,3198,389
3.5521551999999996,3199,387
3.5531717999999994,3200,388
3.5541991,3201,388
3.555306,3202,388
3.5571095,3203,387
3.5581274999999994,3204,385
3.5591283999999996,3205,386
3.5601310999999995,3206,386
3.561186,3207,386
3.5621956,3208,384
3.5632137999999998,3209,387
3.5650905,3210,385
3.5661309,3211,387
3.5671365999999995,3212,388
3.5681598,3213,388
3.5692243999999995,3214,385
3.570194,3215,386
3.5712105999999997,3216,387
3.5730987,3217,386
3.5741204,3218,386
3.5751294,3219,386
3.576131,3220,387
3.5771726,3221,385
3.5782003,3222,384
3.5792215999999994,3223,386
3.5810984999999995,3224,385
3.5821841999999995,3225,388
3.5831451999999997,3226,385
3.5841621999999997,3227,386
3.5851812999999995,3228,388
3.5861918,3229,388
3.5880726999999997,3230,387
3.5890898999999994,3231,385
3.5901305,3232,386
3.5911355999999994,3233,386
3.5921389999999995,3234,385
3.5931726,3235,387
3.5942118,3236,386
3.5961090999999996,3237,387
3.5971538999999995,3238,386
3.5981173999999996,3239,387
3.5991425,3240,385
3.6001678999999998,3241,386
3.6011818999999994,3242,385
3.6022014,3243,388
3.6040875999999997,3244,385
3.6050984999999995,3245,386
3.6061211999999996,3246,387
3.6071377,3247,385
3.6081256999999995,3248,385
3.6092306,3249,387
3.6102093,3250,386
3.6120886,3251,384
3.6130991999999997,3252,385
3.6141163,3253,386
3.6151377,3254,387
3.6161661,3255,387
3.6171800999999997,3256,386
3.6181951999999997,3257,386
3.6200877,3258,386
3.6210989,3259,386
3.6221337999999994,3260,387
3.6231495000000002,3261,386
3.6241315,3262,384
3.6251803000000002,3263,385
3.6261988999999994,3264,387
3.6280878999999997,3265,387
3.6290981999999996,3266,386
3.6301167999999997,3267,387
3.6311371,3268,385
3.632168,3269,386
3.6331815999999995,3270,387
3.6341998999999996,3271,386
3.6361096,3272,386
3.6371057999999996,3273,386
3.6381178,3274,386
3.6391378999999997,3275,386
3.6401237999999996,3276,388
3.6412024,3277,385
3.6422184,3278,385
3.6440728,3279,385
3.6451016999999997,3280,387
3.6461314,3281,386
3.6471457999999997,3282,387
3.6481626999999994,3283,387
3.6492516999999998,3284,385
3.650232,3285,385
3.6520821999999997,3286,386
3.6531123,3287,388
3.6541189999999997,3288,388
3.6551431999999995,3289,385
3.6561943999999995,3290,386
3.6571881,3291,387
3.6582010999999994,3292,385
3.6600732000000002,3293,387
3.6611047,3294,385
3.662161,3295,386
3.6631776,3296,385
3.6641677999999995,3297,385
3.6651930999999998,3298,385
3.6662266,3299,386
3.668082,3300,385
3.6691127999999997,3301,387
3.6701334,3302,387
3.6711492999999997,3303,385
3.6721512999999995,3304,386
3.6731821999999994,3305,388
3.6742255999999998,3306,387
3.6760947,3307,387
3.6771164999999995,3308,388
3.6781407999999995,3309,388
3.6791491999999995,3310,386
3.6801646999999997,3311,386
3.6811844000000002,3312,388
3.6822111,3313,388
3.6840817999999995,3314,388
3.6851265,3315,387
3.6861347999999996,3316,386
3.6871392,3317,386
3.6881364999999997,3318,386
3.6892579999999997,3319,386
3.6902109999999997,3320,386
3.6920914,3321,386
3.6931247000000003,3322,386
3.6951026000000002,3323,385
3.6952419999999995,3324,386
3.6961796,3325,388
3.6972021999999996,3326,387
3.6982128999999997,3327,386
3.7001261999999997,3328,387
3.7011177999999996,3329,386
3.7021661999999997,3330,386
3.7031761999999997,3331,388
3.7041372,3332,388
3.7052037,3333,387
3.7062124,3334,386
3.7080982000000002,3335,387
3.7091044999999996,3336,385
3.7101312999999996,3337,386
3.7111688999999997,3338,387
3.7121641,3339,386
3.713202,3340,388
3.7142188999999997,3341,387
3.7161524999999997,3342,388
3.7171072999999994,3343,386
3.7181352,3344,388
3.7191544,3345,387
3.7201404999999994,3346,386
3.7212047999999998,3347,387
3.722219,3348,387
3.7240895,3349,385
3.7251196999999996,3350,388
3.7261347999999996,3351,387
3.7271520999999996,3352,386
3.7281623999999995,3353,385
3.7292648,3354,385
3.7302396,3355,385
3.732093,3356,385
3.7331168999999997,3357,387
3.7341318999999995,3358,387
3.7351525,3359,388
3.7361401999999995,3360,385
3.7372012999999997,3361,386
3.7382207999999997,3362,386
3.7400927,3363,385
3.7411185,3364,386
3.7421435,3365,385
3.7432065999999997,3366,388
3.7441835999999995,3367,386
3.7451881999999994,3368,386
3.7463400999999994,3369,387
3.7480962999999994,3370,388
3.7491176,3371,388
3.7501267999999994,3372,385
3.7511681999999995,3373,386
3.7526158,3374,387
3.7531877,3375,387
3.7542112999999997,3376,386
3.7561716999999994,3377,385
3.7571227999999994,3378,387
3.7581264999999995,3379,386
3.7591674,3380,386
3.7601838999999995,3381,386
3.7611875,3382,386
3.7630742999999995,3383,386
3.7640962999999994,3384,386
3.7651167,3385,386
3.7661387,3386,388
3.7671665999999995,3387,388
3.768613,3388,388
3.7692724999999996,3389,388
3.7710874,3390,388
3.7721016,3391,387
3.7731173999999994,3392,386
3.7741371,3393,386
3.7751665999999995,3394,386
3.7761823999999997,3395,384
3.7772008,3396,385
3.7790761,3397,386
3.7800972,3398,385
3.7811186999999995,3399,386
3.7821382999999997,3400,386
3.7832314999999994,3401,387
3.7841487000000003,3402,385
3.7852071999999994,3403,386
3.7870728,3404,387
3.7880956999999995,3405,385
3.7891177000000003,3406,387
3.7901375,3407,386
3.7911678,3408,387
3.7922050999999994,3409,385
3.7932007,3410,385
3.7950732999999994,3411,386
3.7961867,3412,384
3.7971405000000003,3413,386
3.7981542,3414,385
3.7991618999999996,3415,384
3.8001802,3416,386
3.8012093,3417,386
3.8030728,3418,385
3.8041079,3419,385
3.8051163,3420,386
3.8061394,3421,387
3.8071776999999996,3422,385
3.8081825999999994,3423,385
3.8092660999999994,3424,387
3.8110963999999994,3425,387
3.812119,3426,384
3.8131259,3427,384
3.8141467000000002,3428,387
3.8151648,3429,386
3.8161517,3430,386
3.8172138999999996,3431,385
3.8190728,3432,386
3.8201016999999995,3433,385
3.8211335999999996,3434,385
3.8221477999999998,3435,388
3.8232029,3436,387
3.8241911,3437,384
3.82521,3438,385
3.827084,3439,386
3.8281117,3440,386
3.8291287999999994,3441,384
3.8301385999999997,3442,384
3.8311801999999995,3443,385
3.8321448,3444,385
3.8332081999999996,3445,386
3.8350726,3446,387
3.8361245999999998,3447,386
3.8371427999999996,3448,385
3.8381394999999996,3449,387
3.8391788,3450,387
3.8401936,3451,386
3.8411991,3452,384
3.8430751999999995,3453,386
3.8441029,3454,385
3.8451449,3455,384
3.8461476999999995,3456,387
3.8471629,3457,384
3.8481632999999995,3458,385
3.8492163,3459,386
3.8510818999999996,3460,386
3.8521038999999995,3461,385
3.8531442999999994,3462,388
3.8541476,3463,387
3.8551640999999996,3464,386
3.8561870000000003,3465,385
3.8572296999999995,3466,385
3.8591014,3467,386
3.8601111,3468,385
3.8611328999999994,3469,385
3.8621514,3470,386
3.8632276999999995,3471,386
3.8641688,3472,387
3.8651998,3473,387
3.8671074,3474,385
3.8681111999999995,3475,386
3.8691287999999995,3476,385
3.8701495,3477,388
3.8711792000000003,3478,388
3.8721945,3479,386
3.8732216,3480,388
3.8751073,3481,386
3.8761348,3482,388
3.8771538999999997,3483,386
3.8781663999999996,3484,387
3.8791743,3485,386
3.8801707,3486,388
3.8812113999999998,3487,388
3.883107,3488,387
3.8841108,3489,387
3.8851278000000002,3490,387
3.8861508999999996,3491,385
3.8871789999999997,3492,386
3.8882002,3493,387
3.8902010999999996,3494,386
3.8911093,3495,386
3.892131,3496,387
3.8931383999999998,3497,385
3.8941594999999998,3498,386
3.8951643999999996,3499,388
3.8961645999999996,3500,386
3.8972242999999995,3501,386
3.8990921,3502,386
3.9001151,3503,386
3.9011433999999996,3504,388
3.9021602,3505,388
3.903238,3506,386
3.9042230999999994,3507,387
3.9052147,3508,388
3.9071078999999997,3509,385
3.9081298,3510,386
3.9091375,3511,386
3.9101574999999995,3512,388
3.9111743,3513,388
3.912165,3514,386
3.9132255000000002,3515,386
3.9150919,3516,386
3.9161392,3517,387
3.9171575999999995,3518,387
3.9181619999999997,3519,386
3.9191756,3520,387
3.9201901999999995,3521,388
3.9220723,3522,386
3.9231074,3523,387
3.9241231999999995,3524,387
3.925141,3525,388
3.9261498,3526,388
3.9272020999999997,3527,385
3.9281561,3528,388
3.9301062999999994,3529,387
3.9310947,3530,387
3.9321154,3531,388
3.9331560999999997,3532,387
3.9341595,3533,386
3.9351751999999998,3534,388
3.9362015,3535,388
3.9380708,3536,387
3.9391074,3537,388
3.9401234,3538,388
3.9411408999999997,3539,386
3.9421513,3540,386
3.9432345,3541,386
3.9441816999999997,3542,388
3.9460713,3543,388
3.9471076,3544,387
3.9481234999999995,3545,388
3.9491401999999995,3546,388
3.9501486999999997,3547,387
3.9511899999999995,3548,387
3.9522163,3549,388
3.9540796,3550,389
3.9551051,3551,388
3.9561148,3552,389
3.957191,3553,388
3.9581526999999994,3554,386
3.9591905,3555,386
3.9601837,3556,388
3.9620730999999996,3557,388
3.9631213,3558,387
3.9641228999999996,3559,386
3.9651404,3560,388
3.9661637,3561,388
3.9671915999999996,3562,388
3.9682135,3563,387
3.9701120999999997,3564,387
3.9711080999999995,3565,388
3.9721155999999995,3566,385
3.9731553,3567,386
3.9741694999999995,3568,387
3.9751765,3569,388
3.9761752,3570,386
3.9780796,3571,387
3.9791043999999998,3572,386
3.9801135,3573,388
3.9811552,3574,388
3.9821771999999998,3575,388
3.9832554,3576,388
3.98424,3577,388
3.9860729,3578,386
3.9871195999999998,3579,386
3.9881238999999997,3580,389
3.9891442,3581,386
3.9901627,3582,387
3.9911911999999994,3583,389
3.9921850999999995,3584,387
3.9940856,3585,388
3.9951140999999994,3586,388
3.9961234999999995,3587,386
3.9971755,3588,387
3.9981735,3589,387
3.999175,3590,389
4.0002023,3591,388
4.0020723,3592,388
4.00312,3593,388
4.0041231,3594,387
4.00514,3595,388
4.0061621999999995,3596,389
4.0071885,3597,388
4.0081831,3598,387
4.0101056999999996,3599,388
4.0111243,3600,386
4.0121448,3601,387
4.0131502999999995,3602,388
4.014170099999999,3603,388
4.015185499999999,3604,385
4.0162018999999995,3605,386
4.018071,3606,388
4.0191194,3607,386
4.0201354,3608,387
4.021139499999999,3609,388
4.0221687,3610,387
4.0234917999999995,3611,387
4.0242599,3612,388
4.0260845,3613,386
4.0271171,3614,388
4.0281365,3615,387
4.0291505,3616,386
4.0301649,3617,388
4.0312152999999995,3618,388
4.0322176999999995,3619,389
4.0340809,3620,386
4.0351054,3621,387
4.0361272,3622,387
4.037224999999999,3623,387
4.0381997,3624,387
4.0391929,3625,386
4.0401792,3626,388
4.0420872,3627,388
4.0431161,3628,387
4.044138,3629,388
4.0452514,3630,388
4.0462225,3631,388
4.0472079999999995,3632,389
4.0482346,3633,388
4.0501648,3634,389
4.0512004,3635,387
4.052164299999999,3636,388
4.0531556,3637,386
4.0542415,3638,386
4.0552089,3639,388
4.0562206,3640,388
4.0581523,3641,388
4.05913,3642,388
4.0601519999999995,3643,388
4.0612965,3644,386
4.0622034,3645,387
4.0632249,3646,386
4.0642887,3647,386
4.0660941,3648,387
4.0671344,3649,387
4.0681484999999995,3650,388
4.069160699999999,3651,387
4.0701746,3652,388
4.0711962,3653,386
4.0721922,3654,388
4.0740921,3655,388
4.0751041,3656,386
4.0761286,3657,386
4.0774306,3658,387
4.0781931,3659,388
4.0791921,3660,388
4.080214,3661,387
4.082091999999999,3662,388
4.0831045,3663,386
4.084128,3664,386
4.0852146,3665,388
4.0861707,3666,388
4.0871867,3667,386
4.0881891999999995,3668,387
4.0901138,3669,388
4.0911449,3670,388
4.0921275999999995,3671,386
4.0932512,3672,388
4.0942267,3673,386
4.0951994,3674,386
4.0962249,3675,388
4.098101499999999,3676,386
4.0991238,3677,388
4.100128,3678,388
4.1011524,3679,386
4.1021784,3680,386
4.1031939,3681,386
4.1042540999999995,3682,386
4.1061024,3683,386
4.1071235,3684,386
4.1082199,3685,386
4.1091701,3686,385
4.1101947,3687,388
4.1112059,3688,387
4.1122288,3689,386
4.1140923,3690,385
4.1151145,3691,386
4.1161448,3692,387
4.117278,3693,387
4.1181904,3694,387
4.1191883,3695,386
4.1201832,3696,387
4.1221022,3697,385
4.1231234,3698,386
4.1241468999999995,3699,388
4.1251557,3700,386
4.1261773,3701,386
4.1271879,3702,385
4.1282157999999995,3703,388
4.1301476,3704,387
4.1311727,3705,388
4.1321373,3706,387
4.1331507,3707,385
4.1341933,3708,387
4.1351961,3709,388
4.1361903,3710,388
4.1381076,3711,386
4.1391238,3712,387
4.140139,3713,388
4.1411548,3714,387
4.1421908,3715,386
4.1431938,3716,388
4.1450995,3717,388
4.146109399999999,3718,385
4.1471301,3719,387
4.148137999999999,3720,385
4.1491486,3721,386
4.1501893999999995,3722,386
4.1511952999999995,3723,388
4.1530705999999995,3724,388
4.1541065,3725,388
4.1551398,3726,387
4.156159,3727,386
4.1572035,3728,386
4.1582362,3729,386
4.1591898,3730,386
4.1610879999999995,3731,386
4.162102,3732,388
4.1631236,3733,387
4.1641430999999995,3734,388
4.1651511,3735,387
4.1661902,3736,387
4.1672044,3737,388
4.169071,3738,388
4.1701399,3739,388
4.1711889,3740,388
4.1721512,3741,387
4.173159399999999,3742,387
4.1741765,3743,388
4.1751965,3744,388
4.1770857999999995,3745,386
4.1781014999999995,3746,386
4.179124,3747,387
4.1801406,3748,387
4.1811511999999995,3749,386
4.1831593,3750,387
4.1833063,3751,386
4.1850976,3752,386
4.1861272,3753,386
4.1871377999999995,3754,386
4.1881636,3755,385
4.1891616,3756,388
4.1901781,3757,387
4.1911993999999995,3758,388
4.1930806,3759,388
4.1941046,3760,388
4.1951139,3761,388
4.1961559,3762,386
4.1972247,3763,387
4.1982086,3764,388
4.199197799999999,3765,386
4.2010871,3766,387
4.2021177,3767,387
4.2031244999999995,3768,387
4.20414,3769,386
4.2051628999999995,3770,386
4.2061912999999995,3771,387
4.207212,3772,388
4.2090797,3773,386
4.2101055,3774,388
4.2111588,3775,387
4.2121574,3776,388
4.2131713,3777,386
4.2141749,3778,386
4.2151983,3779,386
4.2170857999999996,3780,386
4.2181277999999995,3781,387
4.2192391,3782,386
4.2201667,3783,386
4.2211859,3784,386
4.2221877,3785,388
4.2232053,3786,388
4.2250979,3787,387
4.2261216,3788,385
4.2271234,3789,386
4.2281413,3790,386
4.2291615,3791,386
4.2301912999999995,3792,389
4.231205699999999,3793,387
4.233074,3794,388
4.2341047000000005,3795,387
4.2351144,3796,387
4.2361563,3797,386
4.2372383000000005,3798,388
4.238205,3799,385
4.2391984,3800,385
4.2410808,3801,386
4.242105899999999,3802,386
4.243114599999999,3803,387
4.2441556,3804,388
4.2451707,3805,388
4.246174600000001,3806,386
4.2471969,3807,387
4.249089799999999,3808,386
4.2501174,3809,386
4.2511798999999995,3810,387
4.2521491,3811,387
4.253161899999999,3812,386
4.2542029,3813,388
4.2552069,3814,388
4.2570828999999994,3815,387
4.2581145000000005,3816,386
4.2591353,3817,385
4.260146699999999,3818,386
4.2611642000000005,3819,387
4.262188599999999,3820,387
4.2631989,3821,386
4.2650891,3822,386
4.266120399999999,3823,386
4.2671359,3824,388
4.268146600000001,3825,388
4.269163699999999,3826,388
4.2701872,3827,386
4.271197699999999,3828,386
4.273082099999999,3829,387
4.2741148,3830,386
4.2751353,3831,386
4.276145799999999,3832,387
4.2771958,3833,385
4.278225099999999,3834,385
4.2801084000000005,3835,385
4.2810766,3836,387
4.2821068,3837,385
4.2831299,3838,386
4.284146799999999,3839,385
4.2851644,3840,385
4.2861874,3841,387
4.2871969000000005,3842,387
4.2891013,3843,387
4.290113600000001,3844,387
4.291208699999999,3845,386
4.292156299999999,3846,387
4.2931664,3847,385
4.2941891,3848,387
4.2952007,3849,386
4.2971013000000005,3850,385
4.2981138,3851,386
4.299135799999999,3852,388
4.3001569,3853,386
4.301163399999999,3854,386
4.3021878,3855,386
4.3031973,3856,387
4.3051257000000005,3857,386
4.306107099999999,3858,388
4.307127799999999,3859,385
4.3081705999999995,3860,386
4.3091803,3861,387
4.310196799999999,3862,388
4.3112214,3863,388
4.3131023,3864,388
4.3141136,3865,388
4.315135300000001,3866,388
4.3161599,3867,388
4.3171715,3868,386
4.3182312000000005,3869,387
4.3192253,3870,387
4.321091,3871,387
4.3221207999999995,3872,387
4.323135399999999,3873,388
4.324158099999999,3874,387
4.325164399999999,3875,387
4.3261937,3876,388
4.327213599999999,3877,386
4.329102,3878,387
4.3301141,3879,386
4.331202800000001,3880,388
4.332167899999999,3881,387
4.33317,3882,386
4.334189100000001,3883,387
4.3352108,3884,387
4.3371018999999995,3885,389
4.3381266,3886,387
4.339136299999999,3887,385
4.3401574,3888,385
4.3411634,3889,384
4.3422051,3890,385
4.3432135,3891,387
4.345142200000001,3892,388
4.3461188,3893,386
4.3471272,3894,386
4.3481671,3895,386
4.3491861,3896,387
4.3501956,3897,386
4.351216999999999,3898,387
4.353093,3899,388
4.354117099999999,3900,389
4.3551256,3901,387
4.356166599999999,3902,388
4.3571898,3903,389
4.358241799999999,3904,388
4.3592114,3905,387
4.361100599999999,3906,388
4.362118399999999,3907,386
4.3631278,3908,386
4.364169100000001,3909,386
4.365185599999999,3910,387
4.3661959999999995,3911,388
4.3672165000000005,3912,387
4.369091999999999,3913,389
4.3701175,3914,388
4.3711926,3915,388
4.372227099999999,3916,387
4.373188999999999,3917,386
4.374188299999999,3918,385
4.3752097999999995,3919,385
4.3771014,3920,386
4.378210800000001,3921,386
4.379136099999999,3922,388
4.380157,3923,387
4.3811749,3924,388
4.382188,3925,388
4.3841013,3926,388
4.385118899999999,3927,386
4.386129599999999,3928,388
4.387140700000001,3929,386
4.388182400000001,3930,387
4.389194300000001,3931,389
4.3902025,3932,388
4.3920865000000004,3933,388
4.393101499999999,3934,387
4.394126299999999,3935,386
4.395148399999999,3936,388
4.396157,3937,388
4.397177500000001,3938,388
4.3982511,3939,388
4.4000821,3940,386
4.401092299999999,3941,388
4.402133200000001,3942,388
4.4031476,3943,386
4.4042482000000005,3944,387
4.4052055,3945,386
4.406216,3946,388
4.408053699999999,3947,388
4.4091092000000005,3948,387
4.4101256,3949,388
4.4112032999999995,3950,388
4.412195399999999,3951,386
4.413179,3952,386
4.414216000000001,3953,388
4.4160797999999994,3954,388
4.417092299999999,3955,388
4.4181169,3956,386
4.4191408,3957,388
4.420174499999999,3958,388
4.421207,3959,386
4.4222083,3960,388
4.424079399999999,3961,386
4.425160299999999,3962,388
4.426123400000001,3963,386
4.4271608,3964,388
4.428177300000001,3965,388
4.429181799999999,3966,386
4.4301965,3967,386
4.4320881000000005,3968,387
4.4331158,3969,387
4.4341268000000005,3970,385
4.435188299999999,3971,388
4.4361583,3972,388
4.4371737,3973,385
4.4383141,3974,387
4.4400523000000005,3975,387
4.4411195999999995,3976,386
4.442127800000001,3977,386
4.443174099999999,3978,386
4.4441722,3979,385
4.4451841,3980,386
4.4462012,3981,386
4.448087699999999,3982,386
4.449114799999999,3983,387
4.4501257999999995,3984,388
4.451293199999999,3985,386
4.452205199999999,3986,386
4.453196599999999,3987,386
4.4542148,3988,388
4.4565131,3989,386
4.4571066,3990,386
4.458114899999999,3991,388
4.4591555000000005,3992,387
4.4601713,3993,385
4.461191799999999,3994,388
4.462201299999999,3995,387
4.4640797,3996,386
4.4651472,3997,388
4.466133800000001,3998,389
4.4672384,3999,388
